2026-03-21 23:08:41,091 | INFO     | __main__ | 🚀 Бот запущен | Админы: [5352436388] | FREE_TRIALS: 5
2026-03-21 23:08:41,645 | INFO     | httpx | HTTP Request: POST https://api.telegram.org/bot8293045317:AAHqHL9iNB6es1RRew5Ygg9E7nYqhSCuSo4/getMe "HTTP/1.1 200 OK"
2026-03-21 23:08:41,785 | INFO     | httpx | HTTP Request: POST https://api.telegram.org/bot8293045317:AAHqHL9iNB6es1RRew5Ygg9E7nYqhSCuSo4/deleteWebhook "HTTP/1.1 200 OK"
2026-03-21 23:08:41,789 | INFO     | telegram.ext.Application | Application started
2026-03-21 23:08:46,453 | INFO     | httpx | HTTP Request: POST https://api.telegram.org/bot8293045317:AAHqHL9iNB6es1RRew5Ygg9E7nYqhSCuSo4/getUpdates "HTTP/1.1 409 Conflict"
2026-03-21 23:08:46,454 | ERROR    | telegram.ext.Updater | Error while getting Updates: Conflict: terminated by other getUpdates request; make sure that only one bot instance is running
2026-03-21 23:08:46,472 | ERROR    | telegram.ext.Application | No error handlers are registered, logging exception.
Traceback (most recent call last):
  File "D:\Work\Загрузки\files\venv\Lib\site-packages\telegram\ext\_updater.py", line 715, in _network_loop_retry
    if not await action_cb():
           ^^^^^^^^^^^^^^^^^
  File "D:\Work\Загрузки\files\venv\Lib\site-packages\telegram\ext\_updater.py", line 384, in polling_action_cb
    raise exc
  File "D:\Work\Загрузки\files\venv\Lib\site-packages\telegram\ext\_updater.py", line 373, in polling_action_cb
    updates = await self.bot.get_updates(
              ^^^^^^^^^^^^^^^^^^^^^^^^^^^
  File "D:\Work\Загрузки\files\venv\Lib\site-packages\telegram\ext\_extbot.py", line 618, in get_updates
    updates = await super().get_updates(
              ^^^^^^^^^^^^^^^^^^^^^^^^^^
  File "D:\Work\Загрузки\files\venv\Lib\site-packages\telegram\_bot.py", line 542, in decorator
    result = await func(self, *args, **kwargs)
             ^^^^^^^^^^^^^^^^^^^^^^^^^^^^^^^^^
  File "D:\Work\Загрузки\files\venv\Lib\site-packages\telegram\_bot.py", line 4164, in get_updates
    await self._post(
  File "D:\Work\Загрузки\files\venv\Lib\site-packages\telegram\_bot.py", line 630, in _post
    return await self._do_post(
           ^^^^^^^^^^^^^^^^^^^^
  File "D:\Work\Загрузки\files\venv\Lib\site-packages\telegram\ext\_extbot.py", line 347, in _do_post
    return await super()._do_post(
           ^^^^^^^^^^^^^^^^^^^^^^^
  File "D:\Work\Загрузки\files\venv\Lib\site-packages\telegram\_bot.py", line 658, in _do_post
    return await request.post(
           ^^^^^^^^^^^^^^^^^^^
  File "D:\Work\Загрузки\files\venv\Lib\site-packages\telegram\request\_baserequest.py", line 200, in post
    result = await self._request_wrapper(
             ^^^^^^^^^^^^^^^^^^^^^^^^^^^^
  File "D:\Work\Загрузки\files\venv\Lib\site-packages\telegram\request\_baserequest.py", line 381, in _request_wrapper
    raise Conflict(message)
telegram.error.Conflict: Conflict: terminated by other getUpdates request; make sure that only one bot instance is running
2026-03-21 23:08:52,270 | INFO     | httpx | HTTP Request: POST https://api.telegram.org/bot8293045317:AAHqHL9iNB6es1RRew5Ygg9E7nYqhSCuSo4/getUpdates "HTTP/1.1 409 Conflict"
2026-03-21 23:08:52,272 | ERROR    | telegram.ext.Updater | Error while getting Updates: Conflict: terminated by other getUpdates request; make sure that only one bot instance is running
2026-03-21 23:08:52,272 | ERROR    | telegram.ext.Application | No error handlers are registered, logging exception.
Traceback (most recent call last):
  File "D:\Work\Загрузки\files\venv\Lib\site-packages\telegram\ext\_updater.py", line 715, in _network_loop_retry
    if not await action_cb():
           ^^^^^^^^^^^^^^^^^
  File "D:\Work\Загрузки\files\venv\Lib\site-packages\telegram\ext\_updater.py", line 384, in polling_action_cb
    raise exc
  File "D:\Work\Загрузки\files\venv\Lib\site-packages\telegram\ext\_updater.py", line 373, in polling_action_cb
    updates = await self.bot.get_updates(
              ^^^^^^^^^^^^^^^^^^^^^^^^^^^
  File "D:\Work\Загрузки\files\venv\Lib\site-packages\telegram\ext\_extbot.py", line 618, in get_updates
    updates = await super().get_updates(
              ^^^^^^^^^^^^^^^^^^^^^^^^^^
  File "D:\Work\Загрузки\files\venv\Lib\site-packages\telegram\_bot.py", line 542, in decorator
    result = await func(self, *args, **kwargs)
             ^^^^^^^^^^^^^^^^^^^^^^^^^^^^^^^^^
  File "D:\Work\Загрузки\files\venv\Lib\site-packages\telegram\_bot.py", line 4164, in get_updates
    await self._post(
  File "D:\Work\Загрузки\files\venv\Lib\site-packages\telegram\_bot.py", line 630, in _post
    return await self._do_post(
           ^^^^^^^^^^^^^^^^^^^^
  File "D:\Work\Загрузки\files\venv\Lib\site-packages\telegram\ext\_extbot.py", line 347, in _do_post
    return await super()._do_post(
           ^^^^^^^^^^^^^^^^^^^^^^^
  File "D:\Work\Загрузки\files\venv\Lib\site-packages\telegram\_bot.py", line 658, in _do_post
    return await request.post(
           ^^^^^^^^^^^^^^^^^^^
  File "D:\Work\Загрузки\files\venv\Lib\site-packages\telegram\request\_baserequest.py", line 200, in post
    result = await self._request_wrapper(
             ^^^^^^^^^^^^^^^^^^^^^^^^^^^^
  File "D:\Work\Загрузки\files\venv\Lib\site-packages\telegram\request\_baserequest.py", line 381, in _request_wrapper
    raise Conflict(message)
telegram.error.Conflict: Conflict: terminated by other getUpdates request; make sure that only one bot instance is running
2026-03-21 23:08:53,918 | INFO     | httpx | HTTP Request: POST https://api.telegram.org/bot8293045317:AAHqHL9iNB6es1RRew5Ygg9E7nYqhSCuSo4/getUpdates "HTTP/1.1 200 OK"
2026-03-21 23:08:54,494 | INFO     | httpx | HTTP Request: POST https://api.telegram.org/bot8293045317:AAHqHL9iNB6es1RRew5Ygg9E7nYqhSCuSo4/sendMessage "HTTP/1.1 200 OK"
2026-03-21 23:08:58,223 | INFO     | httpx | HTTP Request: POST https://api.telegram.org/bot8293045317:AAHqHL9iNB6es1RRew5Ygg9E7nYqhSCuSo4/getUpdates "HTTP/1.1 409 Conflict"
2026-03-21 23:08:58,224 | ERROR    | telegram.ext.Updater | Error while getting Updates: Conflict: terminated by other getUpdates request; make sure that only one bot instance is running
2026-03-21 23:08:58,225 | ERROR    | telegram.ext.Application | No error handlers are registered, logging exception.
Traceback (most recent call last):
  File "D:\Work\Загрузки\files\venv\Lib\site-packages\telegram\ext\_updater.py", line 715, in _network_loop_retry
    if not await action_cb():
           ^^^^^^^^^^^^^^^^^
  File "D:\Work\Загрузки\files\venv\Lib\site-packages\telegram\ext\_updater.py", line 384, in polling_action_cb
    raise exc
  File "D:\Work\Загрузки\files\venv\Lib\site-packages\telegram\ext\_updater.py", line 373, in polling_action_cb
    updates = await self.bot.get_updates(
              ^^^^^^^^^^^^^^^^^^^^^^^^^^^
  File "D:\Work\Загрузки\files\venv\Lib\site-packages\telegram\ext\_extbot.py", line 618, in get_updates
    updates = await super().get_updates(
              ^^^^^^^^^^^^^^^^^^^^^^^^^^
  File "D:\Work\Загрузки\files\venv\Lib\site-packages\telegram\_bot.py", line 542, in decorator
    result = await func(self, *args, **kwargs)
             ^^^^^^^^^^^^^^^^^^^^^^^^^^^^^^^^^
  File "D:\Work\Загрузки\files\venv\Lib\site-packages\telegram\_bot.py", line 4164, in get_updates
    await self._post(
  File "D:\Work\Загрузки\files\venv\Lib\site-packages\telegram\_bot.py", line 630, in _post
    return await self._do_post(
           ^^^^^^^^^^^^^^^^^^^^
  File "D:\Work\Загрузки\files\venv\Lib\site-packages\telegram\ext\_extbot.py", line 347, in _do_post
    return await super()._do_post(
           ^^^^^^^^^^^^^^^^^^^^^^^
  File "D:\Work\Загрузки\files\venv\Lib\site-packages\telegram\_bot.py", line 658, in _do_post
    return await request.post(
           ^^^^^^^^^^^^^^^^^^^
  File "D:\Work\Загрузки\files\venv\Lib\site-packages\telegram\request\_baserequest.py", line 200, in post
    result = await self._request_wrapper(
             ^^^^^^^^^^^^^^^^^^^^^^^^^^^^
  File "D:\Work\Загрузки\files\venv\Lib\site-packages\telegram\request\_baserequest.py", line 381, in _request_wrapper
    raise Conflict(message)
telegram.error.Conflict: Conflict: terminated by other getUpdates request; make sure that only one bot instance is running
2026-03-21 23:09:03,520 | INFO     | httpx | HTTP Request: POST https://api.telegram.org/bot8293045317:AAHqHL9iNB6es1RRew5Ygg9E7nYqhSCuSo4/getUpdates "HTTP/1.1 409 Conflict"
2026-03-21 23:09:03,520 | ERROR    | telegram.ext.Updater | Error while getting Updates: Conflict: terminated by other getUpdates request; make sure that only one bot instance is running
2026-03-21 23:09:03,522 | ERROR    | telegram.ext.Application | No error handlers are registered, logging exception.
Traceback (most recent call last):
  File "D:\Work\Загрузки\files\venv\Lib\site-packages\telegram\ext\_updater.py", line 715, in _network_loop_retry
    if not await action_cb():
           ^^^^^^^^^^^^^^^^^
  File "D:\Work\Загрузки\files\venv\Lib\site-packages\telegram\ext\_updater.py", line 384, in polling_action_cb
    raise exc
  File "D:\Work\Загрузки\files\venv\Lib\site-packages\telegram\ext\_updater.py", line 373, in polling_action_cb
    updates = await self.bot.get_updates(
              ^^^^^^^^^^^^^^^^^^^^^^^^^^^
  File "D:\Work\Загрузки\files\venv\Lib\site-packages\telegram\ext\_extbot.py", line 618, in get_updates
    updates = await super().get_updates(
              ^^^^^^^^^^^^^^^^^^^^^^^^^^
  File "D:\Work\Загрузки\files\venv\Lib\site-packages\telegram\_bot.py", line 542, in decorator
    result = await func(self, *args, **kwargs)
             ^^^^^^^^^^^^^^^^^^^^^^^^^^^^^^^^^
  File "D:\Work\Загрузки\files\venv\Lib\site-packages\telegram\_bot.py", line 4164, in get_updates
    await self._post(
  File "D:\Work\Загрузки\files\venv\Lib\site-packages\telegram\_bot.py", line 630, in _post
    return await self._do_post(
           ^^^^^^^^^^^^^^^^^^^^
  File "D:\Work\Загрузки\files\venv\Lib\site-packages\telegram\ext\_extbot.py", line 347, in _do_post
    return await super()._do_post(
           ^^^^^^^^^^^^^^^^^^^^^^^
  File "D:\Work\Загрузки\files\venv\Lib\site-packages\telegram\_bot.py", line 658, in _do_post
    return await request.post(
           ^^^^^^^^^^^^^^^^^^^
  File "D:\Work\Загрузки\files\venv\Lib\site-packages\telegram\request\_baserequest.py", line 200, in post
    result = await self._request_wrapper(
             ^^^^^^^^^^^^^^^^^^^^^^^^^^^^
  File "D:\Work\Загрузки\files\venv\Lib\site-packages\telegram\request\_baserequest.py", line 381, in _request_wrapper
    raise Conflict(message)
telegram.error.Conflict: Conflict: terminated by other getUpdates request; make sure that only one bot instance is running
2026-03-21 23:09:04,219 | INFO     | httpx | HTTP Request: POST https://api.telegram.org/bot8293045317:AAHqHL9iNB6es1RRew5Ygg9E7nYqhSCuSo4/getUpdates "HTTP/1.1 200 OK"
2026-03-21 23:09:04,220 | INFO     | telegram.ext.Application | Application is stopping. This might take a moment.
2026-03-21 23:09:04,220 | INFO     | telegram.ext.Application | Application.stop() complete
2026-03-21 23:09:23,008 | INFO     | __main__ | 🚀 Бот запущен | Админы: [5352436388] | FREE_TRIALS: 5
2026-03-21 23:09:23,525 | INFO     | httpx | HTTP Request: POST https://api.telegram.org/bot8293045317:AAHqHL9iNB6es1RRew5Ygg9E7nYqhSCuSo4/getMe "HTTP/1.1 200 OK"
2026-03-21 23:09:23,641 | INFO     | httpx | HTTP Request: POST https://api.telegram.org/bot8293045317:AAHqHL9iNB6es1RRew5Ygg9E7nYqhSCuSo4/deleteWebhook "HTTP/1.1 200 OK"
2026-03-21 23:09:23,644 | INFO     | telegram.ext.Application | Application started
2026-03-21 23:09:34,143 | INFO     | httpx | HTTP Request: POST https://api.telegram.org/bot8293045317:AAHqHL9iNB6es1RRew5Ygg9E7nYqhSCuSo4/getUpdates "HTTP/1.1 200 OK"
2026-03-21 23:09:44,274 | INFO     | httpx | HTTP Request: POST https://api.telegram.org/bot8293045317:AAHqHL9iNB6es1RRew5Ygg9E7nYqhSCuSo4/getUpdates "HTTP/1.1 200 OK"
2026-03-21 23:09:52,024 | INFO     | __main__ | 🚀 Бот запущен | Админы: [5352436388] | FREE_TRIALS: 5
2026-03-21 23:09:52,510 | INFO     | httpx | HTTP Request: POST https://api.telegram.org/bot8293045317:AAHqHL9iNB6es1RRew5Ygg9E7nYqhSCuSo4/getMe "HTTP/1.1 200 OK"
2026-03-21 23:09:52,633 | INFO     | httpx | HTTP Request: POST https://api.telegram.org/bot8293045317:AAHqHL9iNB6es1RRew5Ygg9E7nYqhSCuSo4/deleteWebhook "HTTP/1.1 200 OK"
2026-03-21 23:09:52,639 | INFO     | telegram.ext.Application | Application started
2026-03-21 23:09:53,120 | INFO     | httpx | HTTP Request: POST https://api.telegram.org/bot8293045317:AAHqHL9iNB6es1RRew5Ygg9E7nYqhSCuSo4/getUpdates "HTTP/1.1 409 Conflict"
2026-03-21 23:09:53,124 | ERROR    | telegram.ext.Updater | Error while getting Updates: Conflict: terminated by other getUpdates request; make sure that only one bot instance is running
2026-03-21 23:09:53,124 | ERROR    | telegram.ext.Application | No error handlers are registered, logging exception.
Traceback (most recent call last):
  File "D:\Work\Загрузки\files\venv\Lib\site-packages\telegram\ext\_updater.py", line 715, in _network_loop_retry
    if not await action_cb():
           ^^^^^^^^^^^^^^^^^
  File "D:\Work\Загрузки\files\venv\Lib\site-packages\telegram\ext\_updater.py", line 384, in polling_action_cb
    raise exc
  File "D:\Work\Загрузки\files\venv\Lib\site-packages\telegram\ext\_updater.py", line 373, in polling_action_cb
    updates = await self.bot.get_updates(
              ^^^^^^^^^^^^^^^^^^^^^^^^^^^
  File "D:\Work\Загрузки\files\venv\Lib\site-packages\telegram\ext\_extbot.py", line 618, in get_updates
    updates = await super().get_updates(
              ^^^^^^^^^^^^^^^^^^^^^^^^^^
  File "D:\Work\Загрузки\files\venv\Lib\site-packages\telegram\_bot.py", line 542, in decorator
    result = await func(self, *args, **kwargs)
             ^^^^^^^^^^^^^^^^^^^^^^^^^^^^^^^^^
  File "D:\Work\Загрузки\files\venv\Lib\site-packages\telegram\_bot.py", line 4164, in get_updates
    await self._post(
  File "D:\Work\Загрузки\files\venv\Lib\site-packages\telegram\_bot.py", line 630, in _post
    return await self._do_post(
           ^^^^^^^^^^^^^^^^^^^^
  File "D:\Work\Загрузки\files\venv\Lib\site-packages\telegram\ext\_extbot.py", line 347, in _do_post
    return await super()._do_post(
           ^^^^^^^^^^^^^^^^^^^^^^^
  File "D:\Work\Загрузки\files\venv\Lib\site-packages\telegram\_bot.py", line 658, in _do_post
    return await request.post(
           ^^^^^^^^^^^^^^^^^^^
  File "D:\Work\Загрузки\files\venv\Lib\site-packages\telegram\request\_baserequest.py", line 200, in post
    result = await self._request_wrapper(
             ^^^^^^^^^^^^^^^^^^^^^^^^^^^^
  File "D:\Work\Загрузки\files\venv\Lib\site-packages\telegram\request\_baserequest.py", line 381, in _request_wrapper
    raise Conflict(message)
telegram.error.Conflict: Conflict: terminated by other getUpdates request; make sure that only one bot instance is running
2026-03-21 23:09:57,246 | INFO     | httpx | HTTP Request: POST https://api.telegram.org/bot8293045317:AAHqHL9iNB6es1RRew5Ygg9E7nYqhSCuSo4/getUpdates "HTTP/1.1 409 Conflict"
2026-03-21 23:09:57,247 | ERROR    | telegram.ext.Updater | Error while getting Updates: Conflict: terminated by other getUpdates request; make sure that only one bot instance is running
2026-03-21 23:09:57,249 | ERROR    | telegram.ext.Application | No error handlers are registered, logging exception.
Traceback (most recent call last):
  File "D:\Work\Загрузки\files\venv\Lib\site-packages\telegram\ext\_updater.py", line 715, in _network_loop_retry
    if not await action_cb():
           ^^^^^^^^^^^^^^^^^
  File "D:\Work\Загрузки\files\venv\Lib\site-packages\telegram\ext\_updater.py", line 384, in polling_action_cb
    raise exc
  File "D:\Work\Загрузки\files\venv\Lib\site-packages\telegram\ext\_updater.py", line 373, in polling_action_cb
    updates = await self.bot.get_updates(
              ^^^^^^^^^^^^^^^^^^^^^^^^^^^
  File "D:\Work\Загрузки\files\venv\Lib\site-packages\telegram\ext\_extbot.py", line 618, in get_updates
    updates = await super().get_updates(
              ^^^^^^^^^^^^^^^^^^^^^^^^^^
  File "D:\Work\Загрузки\files\venv\Lib\site-packages\telegram\_bot.py", line 542, in decorator
    result = await func(self, *args, **kwargs)
             ^^^^^^^^^^^^^^^^^^^^^^^^^^^^^^^^^
  File "D:\Work\Загрузки\files\venv\Lib\site-packages\telegram\_bot.py", line 4164, in get_updates
    await self._post(
  File "D:\Work\Загрузки\files\venv\Lib\site-packages\telegram\_bot.py", line 630, in _post
    return await self._do_post(
           ^^^^^^^^^^^^^^^^^^^^
  File "D:\Work\Загрузки\files\venv\Lib\site-packages\telegram\ext\_extbot.py", line 347, in _do_post
    return await super()._do_post(
           ^^^^^^^^^^^^^^^^^^^^^^^
  File "D:\Work\Загрузки\files\venv\Lib\site-packages\telegram\_bot.py", line 658, in _do_post
    return await request.post(
           ^^^^^^^^^^^^^^^^^^^
  File "D:\Work\Загрузки\files\venv\Lib\site-packages\telegram\request\_baserequest.py", line 200, in post
    result = await self._request_wrapper(
             ^^^^^^^^^^^^^^^^^^^^^^^^^^^^
  File "D:\Work\Загрузки\files\venv\Lib\site-packages\telegram\request\_baserequest.py", line 381, in _request_wrapper
    raise Conflict(message)
telegram.error.Conflict: Conflict: terminated by other getUpdates request; make sure that only one bot instance is running
2026-03-21 23:09:58,369 | INFO     | httpx | HTTP Request: POST https://api.telegram.org/bot8293045317:AAHqHL9iNB6es1RRew5Ygg9E7nYqhSCuSo4/getUpdates "HTTP/1.1 409 Conflict"
2026-03-21 23:09:58,371 | ERROR    | telegram.ext.Updater | Error while getting Updates: Conflict: terminated by other getUpdates request; make sure that only one bot instance is running
2026-03-21 23:09:58,372 | ERROR    | telegram.ext.Application | No error handlers are registered, logging exception.
Traceback (most recent call last):
  File "D:\Work\Загрузки\files\venv\Lib\site-packages\telegram\ext\_updater.py", line 715, in _network_loop_retry
    if not await action_cb():
           ^^^^^^^^^^^^^^^^^
  File "D:\Work\Загрузки\files\venv\Lib\site-packages\telegram\ext\_updater.py", line 384, in polling_action_cb
    raise exc
  File "D:\Work\Загрузки\files\venv\Lib\site-packages\telegram\ext\_updater.py", line 373, in polling_action_cb
    updates = await self.bot.get_updates(
              ^^^^^^^^^^^^^^^^^^^^^^^^^^^
  File "D:\Work\Загрузки\files\venv\Lib\site-packages\telegram\ext\_extbot.py", line 618, in get_updates
    updates = await super().get_updates(
              ^^^^^^^^^^^^^^^^^^^^^^^^^^
  File "D:\Work\Загрузки\files\venv\Lib\site-packages\telegram\_bot.py", line 542, in decorator
    result = await func(self, *args, **kwargs)
             ^^^^^^^^^^^^^^^^^^^^^^^^^^^^^^^^^
  File "D:\Work\Загрузки\files\venv\Lib\site-packages\telegram\_bot.py", line 4164, in get_updates
    await self._post(
  File "D:\Work\Загрузки\files\venv\Lib\site-packages\telegram\_bot.py", line 630, in _post
    return await self._do_post(
           ^^^^^^^^^^^^^^^^^^^^
  File "D:\Work\Загрузки\files\venv\Lib\site-packages\telegram\ext\_extbot.py", line 347, in _do_post
    return await super()._do_post(
           ^^^^^^^^^^^^^^^^^^^^^^^
  File "D:\Work\Загрузки\files\venv\Lib\site-packages\telegram\_bot.py", line 658, in _do_post
    return await request.post(
           ^^^^^^^^^^^^^^^^^^^
  File "D:\Work\Загрузки\files\venv\Lib\site-packages\telegram\request\_baserequest.py", line 200, in post
    result = await self._request_wrapper(
             ^^^^^^^^^^^^^^^^^^^^^^^^^^^^
  File "D:\Work\Загрузки\files\venv\Lib\site-packages\telegram\request\_baserequest.py", line 381, in _request_wrapper
    raise Conflict(message)
telegram.error.Conflict: Conflict: terminated by other getUpdates request; make sure that only one bot instance is running
2026-03-21 23:10:02,488 | INFO     | httpx | HTTP Request: POST https://api.telegram.org/bot8293045317:AAHqHL9iNB6es1RRew5Ygg9E7nYqhSCuSo4/getUpdates "HTTP/1.1 200 OK"
2026-03-21 23:10:02,994 | INFO     | httpx | HTTP Request: POST https://api.telegram.org/bot8293045317:AAHqHL9iNB6es1RRew5Ygg9E7nYqhSCuSo4/answerCallbackQuery "HTTP/1.1 200 OK"
2026-03-21 23:10:03,013 | INFO     | httpx | HTTP Request: POST https://api.telegram.org/bot8293045317:AAHqHL9iNB6es1RRew5Ygg9E7nYqhSCuSo4/getUpdates "HTTP/1.1 409 Conflict"
2026-03-21 23:10:03,018 | ERROR    | telegram.ext.Updater | Error while getting Updates: Conflict: terminated by other getUpdates request; make sure that only one bot instance is running
2026-03-21 23:10:03,019 | ERROR    | telegram.ext.Application | No error handlers are registered, logging exception.
Traceback (most recent call last):
  File "D:\Work\Загрузки\files\venv\Lib\site-packages\telegram\ext\_updater.py", line 715, in _network_loop_retry
    if not await action_cb():
           ^^^^^^^^^^^^^^^^^
  File "D:\Work\Загрузки\files\venv\Lib\site-packages\telegram\ext\_updater.py", line 384, in polling_action_cb
    raise exc
  File "D:\Work\Загрузки\files\venv\Lib\site-packages\telegram\ext\_updater.py", line 373, in polling_action_cb
    updates = await self.bot.get_updates(
              ^^^^^^^^^^^^^^^^^^^^^^^^^^^
  File "D:\Work\Загрузки\files\venv\Lib\site-packages\telegram\ext\_extbot.py", line 618, in get_updates
    updates = await super().get_updates(
              ^^^^^^^^^^^^^^^^^^^^^^^^^^
  File "D:\Work\Загрузки\files\venv\Lib\site-packages\telegram\_bot.py", line 542, in decorator
    result = await func(self, *args, **kwargs)
             ^^^^^^^^^^^^^^^^^^^^^^^^^^^^^^^^^
  File "D:\Work\Загрузки\files\venv\Lib\site-packages\telegram\_bot.py", line 4164, in get_updates
    await self._post(
  File "D:\Work\Загрузки\files\venv\Lib\site-packages\telegram\_bot.py", line 630, in _post
    return await self._do_post(
           ^^^^^^^^^^^^^^^^^^^^
  File "D:\Work\Загрузки\files\venv\Lib\site-packages\telegram\ext\_extbot.py", line 347, in _do_post
    return await super()._do_post(
           ^^^^^^^^^^^^^^^^^^^^^^^
  File "D:\Work\Загрузки\files\venv\Lib\site-packages\telegram\_bot.py", line 658, in _do_post
    return await request.post(
           ^^^^^^^^^^^^^^^^^^^
  File "D:\Work\Загрузки\files\venv\Lib\site-packages\telegram\request\_baserequest.py", line 200, in post
    result = await self._request_wrapper(
             ^^^^^^^^^^^^^^^^^^^^^^^^^^^^
  File "D:\Work\Загрузки\files\venv\Lib\site-packages\telegram\request\_baserequest.py", line 381, in _request_wrapper
    raise Conflict(message)
telegram.error.Conflict: Conflict: terminated by other getUpdates request; make sure that only one bot instance is running
2026-03-21 23:10:03,142 | INFO     | httpx | HTTP Request: POST https://api.telegram.org/bot8293045317:AAHqHL9iNB6es1RRew5Ygg9E7nYqhSCuSo4/editMessageText "HTTP/1.1 200 OK"
2026-03-21 23:10:04,639 | INFO     | httpx | HTTP Request: POST https://api.telegram.org/bot8293045317:AAHqHL9iNB6es1RRew5Ygg9E7nYqhSCuSo4/getUpdates "HTTP/1.1 409 Conflict"
2026-03-21 23:10:04,640 | ERROR    | telegram.ext.Updater | Error while getting Updates: Conflict: terminated by other getUpdates request; make sure that only one bot instance is running
2026-03-21 23:10:04,641 | ERROR    | telegram.ext.Application | No error handlers are registered, logging exception.
Traceback (most recent call last):
  File "D:\Work\Загрузки\files\venv\Lib\site-packages\telegram\ext\_updater.py", line 715, in _network_loop_retry
    if not await action_cb():
           ^^^^^^^^^^^^^^^^^
  File "D:\Work\Загрузки\files\venv\Lib\site-packages\telegram\ext\_updater.py", line 384, in polling_action_cb
    raise exc
  File "D:\Work\Загрузки\files\venv\Lib\site-packages\telegram\ext\_updater.py", line 373, in polling_action_cb
    updates = await self.bot.get_updates(
              ^^^^^^^^^^^^^^^^^^^^^^^^^^^
  File "D:\Work\Загрузки\files\venv\Lib\site-packages\telegram\ext\_extbot.py", line 618, in get_updates
    updates = await super().get_updates(
              ^^^^^^^^^^^^^^^^^^^^^^^^^^
  File "D:\Work\Загрузки\files\venv\Lib\site-packages\telegram\_bot.py", line 542, in decorator
    result = await func(self, *args, **kwargs)
             ^^^^^^^^^^^^^^^^^^^^^^^^^^^^^^^^^
  File "D:\Work\Загрузки\files\venv\Lib\site-packages\telegram\_bot.py", line 4164, in get_updates
    await self._post(
  File "D:\Work\Загрузки\files\venv\Lib\site-packages\telegram\_bot.py", line 630, in _post
    return await self._do_post(
           ^^^^^^^^^^^^^^^^^^^^
  File "D:\Work\Загрузки\files\venv\Lib\site-packages\telegram\ext\_extbot.py", line 347, in _do_post
    return await super()._do_post(
           ^^^^^^^^^^^^^^^^^^^^^^^
  File "D:\Work\Загрузки\files\venv\Lib\site-packages\telegram\_bot.py", line 658, in _do_post
    return await request.post(
           ^^^^^^^^^^^^^^^^^^^
  File "D:\Work\Загрузки\files\venv\Lib\site-packages\telegram\request\_baserequest.py", line 200, in post
    result = await self._request_wrapper(
             ^^^^^^^^^^^^^^^^^^^^^^^^^^^^
  File "D:\Work\Загрузки\files\venv\Lib\site-packages\telegram\request\_baserequest.py", line 381, in _request_wrapper
    raise Conflict(message)
telegram.error.Conflict: Conflict: terminated by other getUpdates request; make sure that only one bot instance is running
2026-03-21 23:10:06,352 | INFO     | httpx | HTTP Request: POST https://api.telegram.org/bot8293045317:AAHqHL9iNB6es1RRew5Ygg9E7nYqhSCuSo4/getUpdates "HTTP/1.1 200 OK"
2026-03-21 23:10:06,501 | INFO     | httpx | HTTP Request: POST https://api.telegram.org/bot8293045317:AAHqHL9iNB6es1RRew5Ygg9E7nYqhSCuSo4/answerCallbackQuery "HTTP/1.1 200 OK"
2026-03-21 23:10:06,669 | INFO     | httpx | HTTP Request: POST https://api.telegram.org/bot8293045317:AAHqHL9iNB6es1RRew5Ygg9E7nYqhSCuSo4/sendInvoice "HTTP/1.1 200 OK"
2026-03-21 23:10:06,819 | INFO     | httpx | HTTP Request: POST https://api.telegram.org/bot8293045317:AAHqHL9iNB6es1RRew5Ygg9E7nYqhSCuSo4/editMessageText "HTTP/1.1 200 OK"
2026-03-21 23:10:08,761 | INFO     | httpx | HTTP Request: POST https://api.telegram.org/bot8293045317:AAHqHL9iNB6es1RRew5Ygg9E7nYqhSCuSo4/getUpdates "HTTP/1.1 409 Conflict"
2026-03-21 23:10:08,762 | ERROR    | telegram.ext.Updater | Error while getting Updates: Conflict: terminated by other getUpdates request; make sure that only one bot instance is running
2026-03-21 23:10:08,762 | ERROR    | telegram.ext.Application | No error handlers are registered, logging exception.
Traceback (most recent call last):
  File "D:\Work\Загрузки\files\venv\Lib\site-packages\telegram\ext\_updater.py", line 715, in _network_loop_retry
    if not await action_cb():
           ^^^^^^^^^^^^^^^^^
  File "D:\Work\Загрузки\files\venv\Lib\site-packages\telegram\ext\_updater.py", line 384, in polling_action_cb
    raise exc
  File "D:\Work\Загрузки\files\venv\Lib\site-packages\telegram\ext\_updater.py", line 373, in polling_action_cb
    updates = await self.bot.get_updates(
              ^^^^^^^^^^^^^^^^^^^^^^^^^^^
  File "D:\Work\Загрузки\files\venv\Lib\site-packages\telegram\ext\_extbot.py", line 618, in get_updates
    updates = await super().get_updates(
              ^^^^^^^^^^^^^^^^^^^^^^^^^^
  File "D:\Work\Загрузки\files\venv\Lib\site-packages\telegram\_bot.py", line 542, in decorator
    result = await func(self, *args, **kwargs)
             ^^^^^^^^^^^^^^^^^^^^^^^^^^^^^^^^^
  File "D:\Work\Загрузки\files\venv\Lib\site-packages\telegram\_bot.py", line 4164, in get_updates
    await self._post(
  File "D:\Work\Загрузки\files\venv\Lib\site-packages\telegram\_bot.py", line 630, in _post
    return await self._do_post(
           ^^^^^^^^^^^^^^^^^^^^
  File "D:\Work\Загрузки\files\venv\Lib\site-packages\telegram\ext\_extbot.py", line 347, in _do_post
    return await super()._do_post(
           ^^^^^^^^^^^^^^^^^^^^^^^
  File "D:\Work\Загрузки\files\venv\Lib\site-packages\telegram\_bot.py", line 658, in _do_post
    return await request.post(
           ^^^^^^^^^^^^^^^^^^^
  File "D:\Work\Загрузки\files\venv\Lib\site-packages\telegram\request\_baserequest.py", line 200, in post
    result = await self._request_wrapper(
             ^^^^^^^^^^^^^^^^^^^^^^^^^^^^
  File "D:\Work\Загрузки\files\venv\Lib\site-packages\telegram\request\_baserequest.py", line 381, in _request_wrapper
    raise Conflict(message)
telegram.error.Conflict: Conflict: terminated by other getUpdates request; make sure that only one bot instance is running
2026-03-21 23:10:10,039 | INFO     | httpx | HTTP Request: POST https://api.telegram.org/bot8293045317:AAHqHL9iNB6es1RRew5Ygg9E7nYqhSCuSo4/getUpdates "HTTP/1.1 200 OK"
2026-03-21 23:10:10,212 | INFO     | httpx | HTTP Request: POST https://api.telegram.org/bot8293045317:AAHqHL9iNB6es1RRew5Ygg9E7nYqhSCuSo4/sendMessage "HTTP/1.1 200 OK"
2026-03-21 23:10:11,150 | INFO     | httpx | HTTP Request: POST https://api.telegram.org/bot8293045317:AAHqHL9iNB6es1RRew5Ygg9E7nYqhSCuSo4/getUpdates "HTTP/1.1 409 Conflict"
2026-03-21 23:10:11,150 | ERROR    | telegram.ext.Updater | Error while getting Updates: Conflict: terminated by other getUpdates request; make sure that only one bot instance is running
2026-03-21 23:10:11,151 | ERROR    | telegram.ext.Application | No error handlers are registered, logging exception.
Traceback (most recent call last):
  File "D:\Work\Загрузки\files\venv\Lib\site-packages\telegram\ext\_updater.py", line 715, in _network_loop_retry
    if not await action_cb():
           ^^^^^^^^^^^^^^^^^
  File "D:\Work\Загрузки\files\venv\Lib\site-packages\telegram\ext\_updater.py", line 384, in polling_action_cb
    raise exc
  File "D:\Work\Загрузки\files\venv\Lib\site-packages\telegram\ext\_updater.py", line 373, in polling_action_cb
    updates = await self.bot.get_updates(
              ^^^^^^^^^^^^^^^^^^^^^^^^^^^
  File "D:\Work\Загрузки\files\venv\Lib\site-packages\telegram\ext\_extbot.py", line 618, in get_updates
    updates = await super().get_updates(
              ^^^^^^^^^^^^^^^^^^^^^^^^^^
  File "D:\Work\Загрузки\files\venv\Lib\site-packages\telegram\_bot.py", line 542, in decorator
    result = await func(self, *args, **kwargs)
             ^^^^^^^^^^^^^^^^^^^^^^^^^^^^^^^^^
  File "D:\Work\Загрузки\files\venv\Lib\site-packages\telegram\_bot.py", line 4164, in get_updates
    await self._post(
  File "D:\Work\Загрузки\files\venv\Lib\site-packages\telegram\_bot.py", line 630, in _post
    return await self._do_post(
           ^^^^^^^^^^^^^^^^^^^^
  File "D:\Work\Загрузки\files\venv\Lib\site-packages\telegram\ext\_extbot.py", line 347, in _do_post
    return await super()._do_post(
           ^^^^^^^^^^^^^^^^^^^^^^^
  File "D:\Work\Загрузки\files\venv\Lib\site-packages\telegram\_bot.py", line 658, in _do_post
    return await request.post(
           ^^^^^^^^^^^^^^^^^^^
  File "D:\Work\Загрузки\files\venv\Lib\site-packages\telegram\request\_baserequest.py", line 200, in post
    result = await self._request_wrapper(
             ^^^^^^^^^^^^^^^^^^^^^^^^^^^^
  File "D:\Work\Загрузки\files\venv\Lib\site-packages\telegram\request\_baserequest.py", line 381, in _request_wrapper
    raise Conflict(message)
telegram.error.Conflict: Conflict: terminated by other getUpdates request; make sure that only one bot instance is running
2026-03-21 23:10:15,318 | INFO     | httpx | HTTP Request: POST https://api.telegram.org/bot8293045317:AAHqHL9iNB6es1RRew5Ygg9E7nYqhSCuSo4/getUpdates "HTTP/1.1 409 Conflict"
2026-03-21 23:10:15,319 | ERROR    | telegram.ext.Updater | Error while getting Updates: Conflict: terminated by other getUpdates request; make sure that only one bot instance is running
2026-03-21 23:10:15,320 | ERROR    | telegram.ext.Application | No error handlers are registered, logging exception.
Traceback (most recent call last):
  File "D:\Work\Загрузки\files\venv\Lib\site-packages\telegram\ext\_updater.py", line 715, in _network_loop_retry
    if not await action_cb():
           ^^^^^^^^^^^^^^^^^
  File "D:\Work\Загрузки\files\venv\Lib\site-packages\telegram\ext\_updater.py", line 384, in polling_action_cb
    raise exc
  File "D:\Work\Загрузки\files\venv\Lib\site-packages\telegram\ext\_updater.py", line 373, in polling_action_cb
    updates = await self.bot.get_updates(
              ^^^^^^^^^^^^^^^^^^^^^^^^^^^
  File "D:\Work\Загрузки\files\venv\Lib\site-packages\telegram\ext\_extbot.py", line 618, in get_updates
    updates = await super().get_updates(
              ^^^^^^^^^^^^^^^^^^^^^^^^^^
  File "D:\Work\Загрузки\files\venv\Lib\site-packages\telegram\_bot.py", line 542, in decorator
    result = await func(self, *args, **kwargs)
             ^^^^^^^^^^^^^^^^^^^^^^^^^^^^^^^^^
  File "D:\Work\Загрузки\files\venv\Lib\site-packages\telegram\_bot.py", line 4164, in get_updates
    await self._post(
  File "D:\Work\Загрузки\files\venv\Lib\site-packages\telegram\_bot.py", line 630, in _post
    return await self._do_post(
           ^^^^^^^^^^^^^^^^^^^^
  File "D:\Work\Загрузки\files\venv\Lib\site-packages\telegram\ext\_extbot.py", line 347, in _do_post
    return await super()._do_post(
           ^^^^^^^^^^^^^^^^^^^^^^^
  File "D:\Work\Загрузки\files\venv\Lib\site-packages\telegram\_bot.py", line 658, in _do_post
    return await request.post(
           ^^^^^^^^^^^^^^^^^^^
  File "D:\Work\Загрузки\files\venv\Lib\site-packages\telegram\request\_baserequest.py", line 200, in post
    result = await self._request_wrapper(
             ^^^^^^^^^^^^^^^^^^^^^^^^^^^^
  File "D:\Work\Загрузки\files\venv\Lib\site-packages\telegram\request\_baserequest.py", line 381, in _request_wrapper
    raise Conflict(message)
telegram.error.Conflict: Conflict: terminated by other getUpdates request; make sure that only one bot instance is running
2026-03-21 23:10:16,695 | INFO     | httpx | HTTP Request: POST https://api.telegram.org/bot8293045317:AAHqHL9iNB6es1RRew5Ygg9E7nYqhSCuSo4/getUpdates "HTTP/1.1 200 OK"
2026-03-21 23:10:17,239 | INFO     | httpx | HTTP Request: POST https://api.telegram.org/bot8293045317:AAHqHL9iNB6es1RRew5Ygg9E7nYqhSCuSo4/answerCallbackQuery "HTTP/1.1 200 OK"
2026-03-21 23:10:17,402 | INFO     | httpx | HTTP Request: POST https://api.telegram.org/bot8293045317:AAHqHL9iNB6es1RRew5Ygg9E7nYqhSCuSo4/editMessageText "HTTP/1.1 200 OK"
2026-03-21 23:10:18,828 | INFO     | httpx | HTTP Request: POST https://api.telegram.org/bot8293045317:AAHqHL9iNB6es1RRew5Ygg9E7nYqhSCuSo4/getUpdates "HTTP/1.1 409 Conflict"
2026-03-21 23:10:19,811 | ERROR    | telegram.ext.Updater | Error while getting Updates: Conflict: terminated by other getUpdates request; make sure that only one bot instance is running
2026-03-21 23:10:19,811 | ERROR    | telegram.ext.Application | No error handlers are registered, logging exception.
Traceback (most recent call last):
  File "D:\Work\Загрузки\files\venv\Lib\site-packages\telegram\ext\_updater.py", line 715, in _network_loop_retry
    if not await action_cb():
           ^^^^^^^^^^^^^^^^^
  File "D:\Work\Загрузки\files\venv\Lib\site-packages\telegram\ext\_updater.py", line 384, in polling_action_cb
    raise exc
  File "D:\Work\Загрузки\files\venv\Lib\site-packages\telegram\ext\_updater.py", line 373, in polling_action_cb
    updates = await self.bot.get_updates(
              ^^^^^^^^^^^^^^^^^^^^^^^^^^^
  File "D:\Work\Загрузки\files\venv\Lib\site-packages\telegram\ext\_extbot.py", line 618, in get_updates
    updates = await super().get_updates(
              ^^^^^^^^^^^^^^^^^^^^^^^^^^
  File "D:\Work\Загрузки\files\venv\Lib\site-packages\telegram\_bot.py", line 542, in decorator
    result = await func(self, *args, **kwargs)
             ^^^^^^^^^^^^^^^^^^^^^^^^^^^^^^^^^
  File "D:\Work\Загрузки\files\venv\Lib\site-packages\telegram\_bot.py", line 4164, in get_updates
    await self._post(
  File "D:\Work\Загрузки\files\venv\Lib\site-packages\telegram\_bot.py", line 630, in _post
    return await self._do_post(
           ^^^^^^^^^^^^^^^^^^^^
  File "D:\Work\Загрузки\files\venv\Lib\site-packages\telegram\ext\_extbot.py", line 347, in _do_post
    return await super()._do_post(
           ^^^^^^^^^^^^^^^^^^^^^^^
  File "D:\Work\Загрузки\files\venv\Lib\site-packages\telegram\_bot.py", line 658, in _do_post
    return await request.post(
           ^^^^^^^^^^^^^^^^^^^
  File "D:\Work\Загрузки\files\venv\Lib\site-packages\telegram\request\_baserequest.py", line 200, in post
    result = await self._request_wrapper(
             ^^^^^^^^^^^^^^^^^^^^^^^^^^^^
  File "D:\Work\Загрузки\files\venv\Lib\site-packages\telegram\request\_baserequest.py", line 381, in _request_wrapper
    raise Conflict(message)
telegram.error.Conflict: Conflict: terminated by other getUpdates request; make sure that only one bot instance is running
2026-03-21 23:10:21,568 | INFO     | httpx | HTTP Request: POST https://api.telegram.org/bot8293045317:AAHqHL9iNB6es1RRew5Ygg9E7nYqhSCuSo4/getUpdates "HTTP/1.1 200 OK"
2026-03-21 23:10:21,724 | INFO     | httpx | HTTP Request: POST https://api.telegram.org/bot8293045317:AAHqHL9iNB6es1RRew5Ygg9E7nYqhSCuSo4/answerCallbackQuery "HTTP/1.1 200 OK"
2026-03-21 23:10:21,877 | INFO     | httpx | HTTP Request: POST https://api.telegram.org/bot8293045317:AAHqHL9iNB6es1RRew5Ygg9E7nYqhSCuSo4/editMessageText "HTTP/1.1 200 OK"
2026-03-21 23:10:23,196 | INFO     | httpx | HTTP Request: POST https://api.telegram.org/bot8293045317:AAHqHL9iNB6es1RRew5Ygg9E7nYqhSCuSo4/editMessageText "HTTP/1.1 200 OK"
2026-03-21 23:10:23,951 | INFO     | httpx | HTTP Request: POST https://api.telegram.org/bot8293045317:AAHqHL9iNB6es1RRew5Ygg9E7nYqhSCuSo4/getUpdates "HTTP/1.1 409 Conflict"
2026-03-21 23:10:23,952 | ERROR    | telegram.ext.Updater | Error while getting Updates: Conflict: terminated by other getUpdates request; make sure that only one bot instance is running
2026-03-21 23:10:23,952 | ERROR    | telegram.ext.Application | No error handlers are registered, logging exception.
Traceback (most recent call last):
  File "D:\Work\Загрузки\files\venv\Lib\site-packages\telegram\ext\_updater.py", line 715, in _network_loop_retry
    if not await action_cb():
           ^^^^^^^^^^^^^^^^^
  File "D:\Work\Загрузки\files\venv\Lib\site-packages\telegram\ext\_updater.py", line 384, in polling_action_cb
    raise exc
  File "D:\Work\Загрузки\files\venv\Lib\site-packages\telegram\ext\_updater.py", line 373, in polling_action_cb
    updates = await self.bot.get_updates(
              ^^^^^^^^^^^^^^^^^^^^^^^^^^^
  File "D:\Work\Загрузки\files\venv\Lib\site-packages\telegram\ext\_extbot.py", line 618, in get_updates
    updates = await super().get_updates(
              ^^^^^^^^^^^^^^^^^^^^^^^^^^
  File "D:\Work\Загрузки\files\venv\Lib\site-packages\telegram\_bot.py", line 542, in decorator
    result = await func(self, *args, **kwargs)
             ^^^^^^^^^^^^^^^^^^^^^^^^^^^^^^^^^
  File "D:\Work\Загрузки\files\venv\Lib\site-packages\telegram\_bot.py", line 4164, in get_updates
    await self._post(
  File "D:\Work\Загрузки\files\venv\Lib\site-packages\telegram\_bot.py", line 630, in _post
    return await self._do_post(
           ^^^^^^^^^^^^^^^^^^^^
  File "D:\Work\Загрузки\files\venv\Lib\site-packages\telegram\ext\_extbot.py", line 347, in _do_post
    return await super()._do_post(
           ^^^^^^^^^^^^^^^^^^^^^^^
  File "D:\Work\Загрузки\files\venv\Lib\site-packages\telegram\_bot.py", line 658, in _do_post
    return await request.post(
           ^^^^^^^^^^^^^^^^^^^
  File "D:\Work\Загрузки\files\venv\Lib\site-packages\telegram\request\_baserequest.py", line 200, in post
    result = await self._request_wrapper(
             ^^^^^^^^^^^^^^^^^^^^^^^^^^^^
  File "D:\Work\Загрузки\files\venv\Lib\site-packages\telegram\request\_baserequest.py", line 381, in _request_wrapper
    raise Conflict(message)
telegram.error.Conflict: Conflict: terminated by other getUpdates request; make sure that only one bot instance is running
2026-03-21 23:10:29,558 | INFO     | httpx | HTTP Request: POST https://api.telegram.org/bot8293045317:AAHqHL9iNB6es1RRew5Ygg9E7nYqhSCuSo4/getUpdates "HTTP/1.1 409 Conflict"
2026-03-21 23:10:29,690 | ERROR    | telegram.ext.Updater | Error while getting Updates: Conflict: terminated by other getUpdates request; make sure that only one bot instance is running
2026-03-21 23:10:29,692 | ERROR    | telegram.ext.Application | No error handlers are registered, logging exception.
Traceback (most recent call last):
  File "D:\Work\Загрузки\files\venv\Lib\site-packages\telegram\ext\_updater.py", line 715, in _network_loop_retry
    if not await action_cb():
           ^^^^^^^^^^^^^^^^^
  File "D:\Work\Загрузки\files\venv\Lib\site-packages\telegram\ext\_updater.py", line 384, in polling_action_cb
    raise exc
  File "D:\Work\Загрузки\files\venv\Lib\site-packages\telegram\ext\_updater.py", line 373, in polling_action_cb
    updates = await self.bot.get_updates(
              ^^^^^^^^^^^^^^^^^^^^^^^^^^^
  File "D:\Work\Загрузки\files\venv\Lib\site-packages\telegram\ext\_extbot.py", line 618, in get_updates
    updates = await super().get_updates(
              ^^^^^^^^^^^^^^^^^^^^^^^^^^
  File "D:\Work\Загрузки\files\venv\Lib\site-packages\telegram\_bot.py", line 542, in decorator
    result = await func(self, *args, **kwargs)
             ^^^^^^^^^^^^^^^^^^^^^^^^^^^^^^^^^
  File "D:\Work\Загрузки\files\venv\Lib\site-packages\telegram\_bot.py", line 4164, in get_updates
    await self._post(
  File "D:\Work\Загрузки\files\venv\Lib\site-packages\telegram\_bot.py", line 630, in _post
    return await self._do_post(
           ^^^^^^^^^^^^^^^^^^^^
  File "D:\Work\Загрузки\files\venv\Lib\site-packages\telegram\ext\_extbot.py", line 347, in _do_post
    return await super()._do_post(
           ^^^^^^^^^^^^^^^^^^^^^^^
  File "D:\Work\Загрузки\files\venv\Lib\site-packages\telegram\_bot.py", line 658, in _do_post
    return await request.post(
           ^^^^^^^^^^^^^^^^^^^
  File "D:\Work\Загрузки\files\venv\Lib\site-packages\telegram\request\_baserequest.py", line 200, in post
    result = await self._request_wrapper(
             ^^^^^^^^^^^^^^^^^^^^^^^^^^^^
  File "D:\Work\Загрузки\files\venv\Lib\site-packages\telegram\request\_baserequest.py", line 381, in _request_wrapper
    raise Conflict(message)
telegram.error.Conflict: Conflict: terminated by other getUpdates request; make sure that only one bot instance is running
2026-03-21 23:10:33,894 | INFO     | httpx | HTTP Request: POST https://api.telegram.org/bot8293045317:AAHqHL9iNB6es1RRew5Ygg9E7nYqhSCuSo4/getUpdates "HTTP/1.1 409 Conflict"
2026-03-21 23:10:33,895 | ERROR    | telegram.ext.Updater | Error while getting Updates: Conflict: terminated by other getUpdates request; make sure that only one bot instance is running
2026-03-21 23:10:33,896 | ERROR    | telegram.ext.Application | No error handlers are registered, logging exception.
Traceback (most recent call last):
  File "D:\Work\Загрузки\files\venv\Lib\site-packages\telegram\ext\_updater.py", line 715, in _network_loop_retry
    if not await action_cb():
           ^^^^^^^^^^^^^^^^^
  File "D:\Work\Загрузки\files\venv\Lib\site-packages\telegram\ext\_updater.py", line 384, in polling_action_cb
    raise exc
  File "D:\Work\Загрузки\files\venv\Lib\site-packages\telegram\ext\_updater.py", line 373, in polling_action_cb
    updates = await self.bot.get_updates(
              ^^^^^^^^^^^^^^^^^^^^^^^^^^^
  File "D:\Work\Загрузки\files\venv\Lib\site-packages\telegram\ext\_extbot.py", line 618, in get_updates
    updates = await super().get_updates(
              ^^^^^^^^^^^^^^^^^^^^^^^^^^
  File "D:\Work\Загрузки\files\venv\Lib\site-packages\telegram\_bot.py", line 542, in decorator
    result = await func(self, *args, **kwargs)
             ^^^^^^^^^^^^^^^^^^^^^^^^^^^^^^^^^
  File "D:\Work\Загрузки\files\venv\Lib\site-packages\telegram\_bot.py", line 4164, in get_updates
    await self._post(
  File "D:\Work\Загрузки\files\venv\Lib\site-packages\telegram\_bot.py", line 630, in _post
    return await self._do_post(
           ^^^^^^^^^^^^^^^^^^^^
  File "D:\Work\Загрузки\files\venv\Lib\site-packages\telegram\ext\_extbot.py", line 347, in _do_post
    return await super()._do_post(
           ^^^^^^^^^^^^^^^^^^^^^^^
  File "D:\Work\Загрузки\files\venv\Lib\site-packages\telegram\_bot.py", line 658, in _do_post
    return await request.post(
           ^^^^^^^^^^^^^^^^^^^
  File "D:\Work\Загрузки\files\venv\Lib\site-packages\telegram\request\_baserequest.py", line 200, in post
    result = await self._request_wrapper(
             ^^^^^^^^^^^^^^^^^^^^^^^^^^^^
  File "D:\Work\Загрузки\files\venv\Lib\site-packages\telegram\request\_baserequest.py", line 381, in _request_wrapper
    raise Conflict(message)
telegram.error.Conflict: Conflict: terminated by other getUpdates request; make sure that only one bot instance is running
2026-03-21 23:10:34,745 | INFO     | httpx | HTTP Request: POST https://api.telegram.org/bot8293045317:AAHqHL9iNB6es1RRew5Ygg9E7nYqhSCuSo4/getUpdates "HTTP/1.1 200 OK"
2026-03-21 23:10:35,310 | INFO     | httpx | HTTP Request: POST https://api.telegram.org/bot8293045317:AAHqHL9iNB6es1RRew5Ygg9E7nYqhSCuSo4/answerCallbackQuery "HTTP/1.1 200 OK"
2026-03-21 23:10:36,571 | INFO     | httpx | HTTP Request: POST https://api.telegram.org/bot8293045317:AAHqHL9iNB6es1RRew5Ygg9E7nYqhSCuSo4/editMessageText "HTTP/1.1 200 OK"
2026-03-21 23:10:40,717 | INFO     | httpx | HTTP Request: POST https://api.telegram.org/bot8293045317:AAHqHL9iNB6es1RRew5Ygg9E7nYqhSCuSo4/getUpdates "HTTP/1.1 200 OK"
2026-03-21 23:10:40,893 | INFO     | httpx | HTTP Request: POST https://api.telegram.org/bot8293045317:AAHqHL9iNB6es1RRew5Ygg9E7nYqhSCuSo4/sendMessage "HTTP/1.1 200 OK"
2026-03-21 23:10:42,011 | INFO     | httpx | HTTP Request: POST https://api.telegram.org/bot8293045317:AAHqHL9iNB6es1RRew5Ygg9E7nYqhSCuSo4/getUpdates "HTTP/1.1 409 Conflict"
2026-03-21 23:10:42,012 | ERROR    | telegram.ext.Updater | Error while getting Updates: Conflict: terminated by other getUpdates request; make sure that only one bot instance is running
2026-03-21 23:10:42,012 | ERROR    | telegram.ext.Application | No error handlers are registered, logging exception.
Traceback (most recent call last):
  File "D:\Work\Загрузки\files\venv\Lib\site-packages\telegram\ext\_updater.py", line 715, in _network_loop_retry
    if not await action_cb():
           ^^^^^^^^^^^^^^^^^
  File "D:\Work\Загрузки\files\venv\Lib\site-packages\telegram\ext\_updater.py", line 384, in polling_action_cb
    raise exc
  File "D:\Work\Загрузки\files\venv\Lib\site-packages\telegram\ext\_updater.py", line 373, in polling_action_cb
    updates = await self.bot.get_updates(
              ^^^^^^^^^^^^^^^^^^^^^^^^^^^
  File "D:\Work\Загрузки\files\venv\Lib\site-packages\telegram\ext\_extbot.py", line 618, in get_updates
    updates = await super().get_updates(
              ^^^^^^^^^^^^^^^^^^^^^^^^^^
  File "D:\Work\Загрузки\files\venv\Lib\site-packages\telegram\_bot.py", line 542, in decorator
    result = await func(self, *args, **kwargs)
             ^^^^^^^^^^^^^^^^^^^^^^^^^^^^^^^^^
  File "D:\Work\Загрузки\files\venv\Lib\site-packages\telegram\_bot.py", line 4164, in get_updates
    await self._post(
  File "D:\Work\Загрузки\files\venv\Lib\site-packages\telegram\_bot.py", line 630, in _post
    return await self._do_post(
           ^^^^^^^^^^^^^^^^^^^^
  File "D:\Work\Загрузки\files\venv\Lib\site-packages\telegram\ext\_extbot.py", line 347, in _do_post
    return await super()._do_post(
           ^^^^^^^^^^^^^^^^^^^^^^^
  File "D:\Work\Загрузки\files\venv\Lib\site-packages\telegram\_bot.py", line 658, in _do_post
    return await request.post(
           ^^^^^^^^^^^^^^^^^^^
  File "D:\Work\Загрузки\files\venv\Lib\site-packages\telegram\request\_baserequest.py", line 200, in post
    result = await self._request_wrapper(
             ^^^^^^^^^^^^^^^^^^^^^^^^^^^^
  File "D:\Work\Загрузки\files\venv\Lib\site-packages\telegram\request\_baserequest.py", line 381, in _request_wrapper
    raise Conflict(message)
telegram.error.Conflict: Conflict: terminated by other getUpdates request; make sure that only one bot instance is running
2026-03-21 23:10:46,156 | INFO     | httpx | HTTP Request: POST https://api.telegram.org/bot8293045317:AAHqHL9iNB6es1RRew5Ygg9E7nYqhSCuSo4/getUpdates "HTTP/1.1 409 Conflict"
2026-03-21 23:10:46,157 | ERROR    | telegram.ext.Updater | Error while getting Updates: Conflict: terminated by other getUpdates request; make sure that only one bot instance is running
2026-03-21 23:10:46,157 | ERROR    | telegram.ext.Application | No error handlers are registered, logging exception.
Traceback (most recent call last):
  File "D:\Work\Загрузки\files\venv\Lib\site-packages\telegram\ext\_updater.py", line 715, in _network_loop_retry
    if not await action_cb():
           ^^^^^^^^^^^^^^^^^
  File "D:\Work\Загрузки\files\venv\Lib\site-packages\telegram\ext\_updater.py", line 384, in polling_action_cb
    raise exc
  File "D:\Work\Загрузки\files\venv\Lib\site-packages\telegram\ext\_updater.py", line 373, in polling_action_cb
    updates = await self.bot.get_updates(
              ^^^^^^^^^^^^^^^^^^^^^^^^^^^
  File "D:\Work\Загрузки\files\venv\Lib\site-packages\telegram\ext\_extbot.py", line 618, in get_updates
    updates = await super().get_updates(
              ^^^^^^^^^^^^^^^^^^^^^^^^^^
  File "D:\Work\Загрузки\files\venv\Lib\site-packages\telegram\_bot.py", line 542, in decorator
    result = await func(self, *args, **kwargs)
             ^^^^^^^^^^^^^^^^^^^^^^^^^^^^^^^^^
  File "D:\Work\Загрузки\files\venv\Lib\site-packages\telegram\_bot.py", line 4164, in get_updates
    await self._post(
  File "D:\Work\Загрузки\files\venv\Lib\site-packages\telegram\_bot.py", line 630, in _post
    return await self._do_post(
           ^^^^^^^^^^^^^^^^^^^^
  File "D:\Work\Загрузки\files\venv\Lib\site-packages\telegram\ext\_extbot.py", line 347, in _do_post
    return await super()._do_post(
           ^^^^^^^^^^^^^^^^^^^^^^^
  File "D:\Work\Загрузки\files\venv\Lib\site-packages\telegram\_bot.py", line 658, in _do_post
    return await request.post(
           ^^^^^^^^^^^^^^^^^^^
  File "D:\Work\Загрузки\files\venv\Lib\site-packages\telegram\request\_baserequest.py", line 200, in post
    result = await self._request_wrapper(
             ^^^^^^^^^^^^^^^^^^^^^^^^^^^^
  File "D:\Work\Загрузки\files\venv\Lib\site-packages\telegram\request\_baserequest.py", line 381, in _request_wrapper
    raise Conflict(message)
telegram.error.Conflict: Conflict: terminated by other getUpdates request; make sure that only one bot instance is running
2026-03-21 23:10:46,443 | INFO     | httpx | HTTP Request: POST https://api.telegram.org/bot8293045317:AAHqHL9iNB6es1RRew5Ygg9E7nYqhSCuSo4/getUpdates "HTTP/1.1 200 OK"
2026-03-21 23:10:46,935 | INFO     | httpx | HTTP Request: POST https://api.telegram.org/bot8293045317:AAHqHL9iNB6es1RRew5Ygg9E7nYqhSCuSo4/answerCallbackQuery "HTTP/1.1 200 OK"
2026-03-21 23:10:47,145 | INFO     | httpx | HTTP Request: POST https://api.telegram.org/bot8293045317:AAHqHL9iNB6es1RRew5Ygg9E7nYqhSCuSo4/editMessageText "HTTP/1.1 200 OK"
2026-03-21 23:10:53,120 | INFO     | httpx | HTTP Request: POST https://api.telegram.org/bot8293045317:AAHqHL9iNB6es1RRew5Ygg9E7nYqhSCuSo4/getUpdates "HTTP/1.1 200 OK"
2026-03-21 23:10:53,121 | INFO     | telegram.ext.Application | Application is stopping. This might take a moment.
2026-03-21 23:10:53,122 | INFO     | telegram.ext.Application | Application.stop() complete
2026-03-21 23:10:56,574 | INFO     | httpx | HTTP Request: POST https://api.telegram.org/bot8293045317:AAHqHL9iNB6es1RRew5Ygg9E7nYqhSCuSo4/getUpdates "HTTP/1.1 200 OK"
2026-03-21 23:11:06,695 | INFO     | httpx | HTTP Request: POST https://api.telegram.org/bot8293045317:AAHqHL9iNB6es1RRew5Ygg9E7nYqhSCuSo4/getUpdates "HTTP/1.1 200 OK"
2026-03-21 23:11:16,817 | INFO     | httpx | HTTP Request: POST https://api.telegram.org/bot8293045317:AAHqHL9iNB6es1RRew5Ygg9E7nYqhSCuSo4/getUpdates "HTTP/1.1 200 OK"
2026-03-21 23:11:26,950 | INFO     | httpx | HTTP Request: POST https://api.telegram.org/bot8293045317:AAHqHL9iNB6es1RRew5Ygg9E7nYqhSCuSo4/getUpdates "HTTP/1.1 200 OK"
2026-03-21 23:11:51,638 | INFO     | __main__ | 🚀 Бот запущен | Админы: [5352436388] | FREE_TRIALS: 5
2026-03-21 23:11:52,218 | INFO     | httpx | HTTP Request: POST https://api.telegram.org/bot8293045317:AAHqHL9iNB6es1RRew5Ygg9E7nYqhSCuSo4/getMe "HTTP/1.1 200 OK"
2026-03-21 23:11:52,353 | INFO     | httpx | HTTP Request: POST https://api.telegram.org/bot8293045317:AAHqHL9iNB6es1RRew5Ygg9E7nYqhSCuSo4/deleteWebhook "HTTP/1.1 200 OK"
2026-03-21 23:11:52,354 | INFO     | telegram.ext.Application | Application started
2026-03-21 23:12:03,049 | INFO     | httpx | HTTP Request: POST https://api.telegram.org/bot8293045317:AAHqHL9iNB6es1RRew5Ygg9E7nYqhSCuSo4/getUpdates "HTTP/1.1 200 OK"
2026-03-21 23:12:13,170 | INFO     | httpx | HTTP Request: POST https://api.telegram.org/bot8293045317:AAHqHL9iNB6es1RRew5Ygg9E7nYqhSCuSo4/getUpdates "HTTP/1.1 200 OK"
2026-03-21 23:12:23,277 | INFO     | httpx | HTTP Request: POST https://api.telegram.org/bot8293045317:AAHqHL9iNB6es1RRew5Ygg9E7nYqhSCuSo4/getUpdates "HTTP/1.1 200 OK"
2026-03-21 23:12:33,392 | INFO     | httpx | HTTP Request: POST https://api.telegram.org/bot8293045317:AAHqHL9iNB6es1RRew5Ygg9E7nYqhSCuSo4/getUpdates "HTTP/1.1 200 OK"
2026-03-21 23:12:43,519 | INFO     | httpx | HTTP Request: POST https://api.telegram.org/bot8293045317:AAHqHL9iNB6es1RRew5Ygg9E7nYqhSCuSo4/getUpdates "HTTP/1.1 200 OK"
2026-03-21 23:12:53,660 | INFO     | httpx | HTTP Request: POST https://api.telegram.org/bot8293045317:AAHqHL9iNB6es1RRew5Ygg9E7nYqhSCuSo4/getUpdates "HTTP/1.1 200 OK"
2026-03-21 23:13:03,793 | INFO     | httpx | HTTP Request: POST https://api.telegram.org/bot8293045317:AAHqHL9iNB6es1RRew5Ygg9E7nYqhSCuSo4/getUpdates "HTTP/1.1 200 OK"
2026-03-21 23:13:13,928 | INFO     | httpx | HTTP Request: POST https://api.telegram.org/bot8293045317:AAHqHL9iNB6es1RRew5Ygg9E7nYqhSCuSo4/getUpdates "HTTP/1.1 200 OK"
2026-03-21 23:13:23,975 | INFO     | __main__ | 🚀 Бот запущен | Админы: [5352436388] | FREE_TRIALS: 5
2026-03-21 23:13:24,058 | INFO     | httpx | HTTP Request: POST https://api.telegram.org/bot8293045317:AAHqHL9iNB6es1RRew5Ygg9E7nYqhSCuSo4/getUpdates "HTTP/1.1 200 OK"
2026-03-21 23:13:24,495 | INFO     | httpx | HTTP Request: POST https://api.telegram.org/bot8293045317:AAHqHL9iNB6es1RRew5Ygg9E7nYqhSCuSo4/getMe "HTTP/1.1 200 OK"
2026-03-21 23:13:24,632 | INFO     | httpx | HTTP Request: POST https://api.telegram.org/bot8293045317:AAHqHL9iNB6es1RRew5Ygg9E7nYqhSCuSo4/deleteWebhook "HTTP/1.1 200 OK"
2026-03-21 23:13:24,634 | INFO     | telegram.ext.Application | Application started
2026-03-21 23:13:25,132 | INFO     | httpx | HTTP Request: POST https://api.telegram.org/bot8293045317:AAHqHL9iNB6es1RRew5Ygg9E7nYqhSCuSo4/getUpdates "HTTP/1.1 409 Conflict"
2026-03-21 23:13:25,133 | ERROR    | telegram.ext.Updater | Error while getting Updates: Conflict: terminated by other getUpdates request; make sure that only one bot instance is running
2026-03-21 23:13:25,133 | ERROR    | telegram.ext.Application | No error handlers are registered, logging exception.
Traceback (most recent call last):
  File "C:\Users\User\AppData\Local\Programs\Python\Python311\Lib\site-packages\telegram\ext\_updater.py", line 715, in _network_loop_retry
    if not await action_cb():
           ^^^^^^^^^^^^^^^^^
  File "C:\Users\User\AppData\Local\Programs\Python\Python311\Lib\site-packages\telegram\ext\_updater.py", line 384, in polling_action_cb
    raise exc
  File "C:\Users\User\AppData\Local\Programs\Python\Python311\Lib\site-packages\telegram\ext\_updater.py", line 373, in polling_action_cb
    updates = await self.bot.get_updates(
              ^^^^^^^^^^^^^^^^^^^^^^^^^^^
  File "C:\Users\User\AppData\Local\Programs\Python\Python311\Lib\site-packages\telegram\ext\_extbot.py", line 618, in get_updates
    updates = await super().get_updates(
              ^^^^^^^^^^^^^^^^^^^^^^^^^^
  File "C:\Users\User\AppData\Local\Programs\Python\Python311\Lib\site-packages\telegram\_bot.py", line 542, in decorator
    result = await func(self, *args, **kwargs)
             ^^^^^^^^^^^^^^^^^^^^^^^^^^^^^^^^^
  File "C:\Users\User\AppData\Local\Programs\Python\Python311\Lib\site-packages\telegram\_bot.py", line 4164, in get_updates
    await self._post(
  File "C:\Users\User\AppData\Local\Programs\Python\Python311\Lib\site-packages\telegram\_bot.py", line 630, in _post
    return await self._do_post(
           ^^^^^^^^^^^^^^^^^^^^
  File "C:\Users\User\AppData\Local\Programs\Python\Python311\Lib\site-packages\telegram\ext\_extbot.py", line 347, in _do_post
    return await super()._do_post(
           ^^^^^^^^^^^^^^^^^^^^^^^
  File "C:\Users\User\AppData\Local\Programs\Python\Python311\Lib\site-packages\telegram\_bot.py", line 658, in _do_post
    return await request.post(
           ^^^^^^^^^^^^^^^^^^^
  File "C:\Users\User\AppData\Local\Programs\Python\Python311\Lib\site-packages\telegram\request\_baserequest.py", line 200, in post
    result = await self._request_wrapper(
             ^^^^^^^^^^^^^^^^^^^^^^^^^^^^
  File "C:\Users\User\AppData\Local\Programs\Python\Python311\Lib\site-packages\telegram\request\_baserequest.py", line 381, in _request_wrapper
    raise Conflict(message)
telegram.error.Conflict: Conflict: terminated by other getUpdates request; make sure that only one bot instance is running
2026-03-21 23:13:29,273 | INFO     | httpx | HTTP Request: POST https://api.telegram.org/bot8293045317:AAHqHL9iNB6es1RRew5Ygg9E7nYqhSCuSo4/getUpdates "HTTP/1.1 409 Conflict"
2026-03-21 23:13:29,274 | ERROR    | telegram.ext.Updater | Error while getting Updates: Conflict: terminated by other getUpdates request; make sure that only one bot instance is running
2026-03-21 23:13:29,274 | ERROR    | telegram.ext.Application | No error handlers are registered, logging exception.
Traceback (most recent call last):
  File "D:\Work\Загрузки\files\venv\Lib\site-packages\telegram\ext\_updater.py", line 715, in _network_loop_retry
    if not await action_cb():
           ^^^^^^^^^^^^^^^^^
  File "D:\Work\Загрузки\files\venv\Lib\site-packages\telegram\ext\_updater.py", line 384, in polling_action_cb
    raise exc
  File "D:\Work\Загрузки\files\venv\Lib\site-packages\telegram\ext\_updater.py", line 373, in polling_action_cb
    updates = await self.bot.get_updates(
              ^^^^^^^^^^^^^^^^^^^^^^^^^^^
  File "D:\Work\Загрузки\files\venv\Lib\site-packages\telegram\ext\_extbot.py", line 618, in get_updates
    updates = await super().get_updates(
              ^^^^^^^^^^^^^^^^^^^^^^^^^^
  File "D:\Work\Загрузки\files\venv\Lib\site-packages\telegram\_bot.py", line 542, in decorator
    result = await func(self, *args, **kwargs)
             ^^^^^^^^^^^^^^^^^^^^^^^^^^^^^^^^^
  File "D:\Work\Загрузки\files\venv\Lib\site-packages\telegram\_bot.py", line 4164, in get_updates
    await self._post(
  File "D:\Work\Загрузки\files\venv\Lib\site-packages\telegram\_bot.py", line 630, in _post
    return await self._do_post(
           ^^^^^^^^^^^^^^^^^^^^
  File "D:\Work\Загрузки\files\venv\Lib\site-packages\telegram\ext\_extbot.py", line 347, in _do_post
    return await super()._do_post(
           ^^^^^^^^^^^^^^^^^^^^^^^
  File "D:\Work\Загрузки\files\venv\Lib\site-packages\telegram\_bot.py", line 658, in _do_post
    return await request.post(
           ^^^^^^^^^^^^^^^^^^^
  File "D:\Work\Загрузки\files\venv\Lib\site-packages\telegram\request\_baserequest.py", line 200, in post
    result = await self._request_wrapper(
             ^^^^^^^^^^^^^^^^^^^^^^^^^^^^
  File "D:\Work\Загрузки\files\venv\Lib\site-packages\telegram\request\_baserequest.py", line 381, in _request_wrapper
    raise Conflict(message)
telegram.error.Conflict: Conflict: terminated by other getUpdates request; make sure that only one bot instance is running
2026-03-21 23:13:30,394 | INFO     | httpx | HTTP Request: POST https://api.telegram.org/bot8293045317:AAHqHL9iNB6es1RRew5Ygg9E7nYqhSCuSo4/getUpdates "HTTP/1.1 409 Conflict"
2026-03-21 23:13:30,395 | ERROR    | telegram.ext.Updater | Error while getting Updates: Conflict: terminated by other getUpdates request; make sure that only one bot instance is running
2026-03-21 23:13:30,396 | ERROR    | telegram.ext.Application | No error handlers are registered, logging exception.
Traceback (most recent call last):
  File "C:\Users\User\AppData\Local\Programs\Python\Python311\Lib\site-packages\telegram\ext\_updater.py", line 715, in _network_loop_retry
    if not await action_cb():
           ^^^^^^^^^^^^^^^^^
  File "C:\Users\User\AppData\Local\Programs\Python\Python311\Lib\site-packages\telegram\ext\_updater.py", line 384, in polling_action_cb
    raise exc
  File "C:\Users\User\AppData\Local\Programs\Python\Python311\Lib\site-packages\telegram\ext\_updater.py", line 373, in polling_action_cb
    updates = await self.bot.get_updates(
              ^^^^^^^^^^^^^^^^^^^^^^^^^^^
  File "C:\Users\User\AppData\Local\Programs\Python\Python311\Lib\site-packages\telegram\ext\_extbot.py", line 618, in get_updates
    updates = await super().get_updates(
              ^^^^^^^^^^^^^^^^^^^^^^^^^^
  File "C:\Users\User\AppData\Local\Programs\Python\Python311\Lib\site-packages\telegram\_bot.py", line 542, in decorator
    result = await func(self, *args, **kwargs)
             ^^^^^^^^^^^^^^^^^^^^^^^^^^^^^^^^^
  File "C:\Users\User\AppData\Local\Programs\Python\Python311\Lib\site-packages\telegram\_bot.py", line 4164, in get_updates
    await self._post(
  File "C:\Users\User\AppData\Local\Programs\Python\Python311\Lib\site-packages\telegram\_bot.py", line 630, in _post
    return await self._do_post(
           ^^^^^^^^^^^^^^^^^^^^
  File "C:\Users\User\AppData\Local\Programs\Python\Python311\Lib\site-packages\telegram\ext\_extbot.py", line 347, in _do_post
    return await super()._do_post(
           ^^^^^^^^^^^^^^^^^^^^^^^
  File "C:\Users\User\AppData\Local\Programs\Python\Python311\Lib\site-packages\telegram\_bot.py", line 658, in _do_post
    return await request.post(
           ^^^^^^^^^^^^^^^^^^^
  File "C:\Users\User\AppData\Local\Programs\Python\Python311\Lib\site-packages\telegram\request\_baserequest.py", line 200, in post
    result = await self._request_wrapper(
             ^^^^^^^^^^^^^^^^^^^^^^^^^^^^
  File "C:\Users\User\AppData\Local\Programs\Python\Python311\Lib\site-packages\telegram\request\_baserequest.py", line 381, in _request_wrapper
    raise Conflict(message)
telegram.error.Conflict: Conflict: terminated by other getUpdates request; make sure that only one bot instance is running
2026-03-21 23:13:35,037 | INFO     | httpx | HTTP Request: POST https://api.telegram.org/bot8293045317:AAHqHL9iNB6es1RRew5Ygg9E7nYqhSCuSo4/getUpdates "HTTP/1.1 409 Conflict"
2026-03-21 23:13:35,038 | ERROR    | telegram.ext.Updater | Error while getting Updates: Conflict: terminated by other getUpdates request; make sure that only one bot instance is running
2026-03-21 23:13:35,039 | ERROR    | telegram.ext.Application | No error handlers are registered, logging exception.
Traceback (most recent call last):
  File "D:\Work\Загрузки\files\venv\Lib\site-packages\telegram\ext\_updater.py", line 715, in _network_loop_retry
    if not await action_cb():
           ^^^^^^^^^^^^^^^^^
  File "D:\Work\Загрузки\files\venv\Lib\site-packages\telegram\ext\_updater.py", line 384, in polling_action_cb
    raise exc
  File "D:\Work\Загрузки\files\venv\Lib\site-packages\telegram\ext\_updater.py", line 373, in polling_action_cb
    updates = await self.bot.get_updates(
              ^^^^^^^^^^^^^^^^^^^^^^^^^^^
  File "D:\Work\Загрузки\files\venv\Lib\site-packages\telegram\ext\_extbot.py", line 618, in get_updates
    updates = await super().get_updates(
              ^^^^^^^^^^^^^^^^^^^^^^^^^^
  File "D:\Work\Загрузки\files\venv\Lib\site-packages\telegram\_bot.py", line 542, in decorator
    result = await func(self, *args, **kwargs)
             ^^^^^^^^^^^^^^^^^^^^^^^^^^^^^^^^^
  File "D:\Work\Загрузки\files\venv\Lib\site-packages\telegram\_bot.py", line 4164, in get_updates
    await self._post(
  File "D:\Work\Загрузки\files\venv\Lib\site-packages\telegram\_bot.py", line 630, in _post
    return await self._do_post(
           ^^^^^^^^^^^^^^^^^^^^
  File "D:\Work\Загрузки\files\venv\Lib\site-packages\telegram\ext\_extbot.py", line 347, in _do_post
    return await super()._do_post(
           ^^^^^^^^^^^^^^^^^^^^^^^
  File "D:\Work\Загрузки\files\venv\Lib\site-packages\telegram\_bot.py", line 658, in _do_post
    return await request.post(
           ^^^^^^^^^^^^^^^^^^^
  File "D:\Work\Загрузки\files\venv\Lib\site-packages\telegram\request\_baserequest.py", line 200, in post
    result = await self._request_wrapper(
             ^^^^^^^^^^^^^^^^^^^^^^^^^^^^
  File "D:\Work\Загрузки\files\venv\Lib\site-packages\telegram\request\_baserequest.py", line 381, in _request_wrapper
    raise Conflict(message)
telegram.error.Conflict: Conflict: terminated by other getUpdates request; make sure that only one bot instance is running
2026-03-21 23:13:35,892 | INFO     | httpx | HTTP Request: POST https://api.telegram.org/bot8293045317:AAHqHL9iNB6es1RRew5Ygg9E7nYqhSCuSo4/getUpdates "HTTP/1.1 200 OK"
2026-03-21 23:13:36,578 | INFO     | httpx | HTTP Request: POST https://api.telegram.org/bot8293045317:AAHqHL9iNB6es1RRew5Ygg9E7nYqhSCuSo4/sendMessage "HTTP/1.1 200 OK"
2026-03-21 23:13:36,674 | INFO     | httpx | HTTP Request: POST https://api.telegram.org/bot8293045317:AAHqHL9iNB6es1RRew5Ygg9E7nYqhSCuSo4/getUpdates "HTTP/1.1 409 Conflict"
2026-03-21 23:13:36,675 | ERROR    | telegram.ext.Updater | Error while getting Updates: Conflict: terminated by other getUpdates request; make sure that only one bot instance is running
2026-03-21 23:13:36,675 | ERROR    | telegram.ext.Application | No error handlers are registered, logging exception.
Traceback (most recent call last):
  File "C:\Users\User\AppData\Local\Programs\Python\Python311\Lib\site-packages\telegram\ext\_updater.py", line 715, in _network_loop_retry
    if not await action_cb():
           ^^^^^^^^^^^^^^^^^
  File "C:\Users\User\AppData\Local\Programs\Python\Python311\Lib\site-packages\telegram\ext\_updater.py", line 384, in polling_action_cb
    raise exc
  File "C:\Users\User\AppData\Local\Programs\Python\Python311\Lib\site-packages\telegram\ext\_updater.py", line 373, in polling_action_cb
    updates = await self.bot.get_updates(
              ^^^^^^^^^^^^^^^^^^^^^^^^^^^
  File "C:\Users\User\AppData\Local\Programs\Python\Python311\Lib\site-packages\telegram\ext\_extbot.py", line 618, in get_updates
    updates = await super().get_updates(
              ^^^^^^^^^^^^^^^^^^^^^^^^^^
  File "C:\Users\User\AppData\Local\Programs\Python\Python311\Lib\site-packages\telegram\_bot.py", line 542, in decorator
    result = await func(self, *args, **kwargs)
             ^^^^^^^^^^^^^^^^^^^^^^^^^^^^^^^^^
  File "C:\Users\User\AppData\Local\Programs\Python\Python311\Lib\site-packages\telegram\_bot.py", line 4164, in get_updates
    await self._post(
  File "C:\Users\User\AppData\Local\Programs\Python\Python311\Lib\site-packages\telegram\_bot.py", line 630, in _post
    return await self._do_post(
           ^^^^^^^^^^^^^^^^^^^^
  File "C:\Users\User\AppData\Local\Programs\Python\Python311\Lib\site-packages\telegram\ext\_extbot.py", line 347, in _do_post
    return await super()._do_post(
           ^^^^^^^^^^^^^^^^^^^^^^^
  File "C:\Users\User\AppData\Local\Programs\Python\Python311\Lib\site-packages\telegram\_bot.py", line 658, in _do_post
    return await request.post(
           ^^^^^^^^^^^^^^^^^^^
  File "C:\Users\User\AppData\Local\Programs\Python\Python311\Lib\site-packages\telegram\request\_baserequest.py", line 200, in post
    result = await self._request_wrapper(
             ^^^^^^^^^^^^^^^^^^^^^^^^^^^^
  File "C:\Users\User\AppData\Local\Programs\Python\Python311\Lib\site-packages\telegram\request\_baserequest.py", line 381, in _request_wrapper
    raise Conflict(message)
telegram.error.Conflict: Conflict: terminated by other getUpdates request; make sure that only one bot instance is running
2026-03-21 23:13:40,808 | INFO     | httpx | HTTP Request: POST https://api.telegram.org/bot8293045317:AAHqHL9iNB6es1RRew5Ygg9E7nYqhSCuSo4/getUpdates "HTTP/1.1 409 Conflict"
2026-03-21 23:13:40,808 | ERROR    | telegram.ext.Updater | Error while getting Updates: Conflict: terminated by other getUpdates request; make sure that only one bot instance is running
2026-03-21 23:13:40,809 | ERROR    | telegram.ext.Application | No error handlers are registered, logging exception.
Traceback (most recent call last):
  File "D:\Work\Загрузки\files\venv\Lib\site-packages\telegram\ext\_updater.py", line 715, in _network_loop_retry
    if not await action_cb():
           ^^^^^^^^^^^^^^^^^
  File "D:\Work\Загрузки\files\venv\Lib\site-packages\telegram\ext\_updater.py", line 384, in polling_action_cb
    raise exc
  File "D:\Work\Загрузки\files\venv\Lib\site-packages\telegram\ext\_updater.py", line 373, in polling_action_cb
    updates = await self.bot.get_updates(
              ^^^^^^^^^^^^^^^^^^^^^^^^^^^
  File "D:\Work\Загрузки\files\venv\Lib\site-packages\telegram\ext\_extbot.py", line 618, in get_updates
    updates = await super().get_updates(
              ^^^^^^^^^^^^^^^^^^^^^^^^^^
  File "D:\Work\Загрузки\files\venv\Lib\site-packages\telegram\_bot.py", line 542, in decorator
    result = await func(self, *args, **kwargs)
             ^^^^^^^^^^^^^^^^^^^^^^^^^^^^^^^^^
  File "D:\Work\Загрузки\files\venv\Lib\site-packages\telegram\_bot.py", line 4164, in get_updates
    await self._post(
  File "D:\Work\Загрузки\files\venv\Lib\site-packages\telegram\_bot.py", line 630, in _post
    return await self._do_post(
           ^^^^^^^^^^^^^^^^^^^^
  File "D:\Work\Загрузки\files\venv\Lib\site-packages\telegram\ext\_extbot.py", line 347, in _do_post
    return await super()._do_post(
           ^^^^^^^^^^^^^^^^^^^^^^^
  File "D:\Work\Загрузки\files\venv\Lib\site-packages\telegram\_bot.py", line 658, in _do_post
    return await request.post(
           ^^^^^^^^^^^^^^^^^^^
  File "D:\Work\Загрузки\files\venv\Lib\site-packages\telegram\request\_baserequest.py", line 200, in post
    result = await self._request_wrapper(
             ^^^^^^^^^^^^^^^^^^^^^^^^^^^^
  File "D:\Work\Загрузки\files\venv\Lib\site-packages\telegram\request\_baserequest.py", line 381, in _request_wrapper
    raise Conflict(message)
telegram.error.Conflict: Conflict: terminated by other getUpdates request; make sure that only one bot instance is running
2026-03-21 23:13:43,180 | INFO     | httpx | HTTP Request: POST https://api.telegram.org/bot8293045317:AAHqHL9iNB6es1RRew5Ygg9E7nYqhSCuSo4/getUpdates "HTTP/1.1 409 Conflict"
2026-03-21 23:13:43,181 | ERROR    | telegram.ext.Updater | Error while getting Updates: Conflict: terminated by other getUpdates request; make sure that only one bot instance is running
2026-03-21 23:13:43,181 | ERROR    | telegram.ext.Application | No error handlers are registered, logging exception.
Traceback (most recent call last):
  File "C:\Users\User\AppData\Local\Programs\Python\Python311\Lib\site-packages\telegram\ext\_updater.py", line 715, in _network_loop_retry
    if not await action_cb():
           ^^^^^^^^^^^^^^^^^
  File "C:\Users\User\AppData\Local\Programs\Python\Python311\Lib\site-packages\telegram\ext\_updater.py", line 384, in polling_action_cb
    raise exc
  File "C:\Users\User\AppData\Local\Programs\Python\Python311\Lib\site-packages\telegram\ext\_updater.py", line 373, in polling_action_cb
    updates = await self.bot.get_updates(
              ^^^^^^^^^^^^^^^^^^^^^^^^^^^
  File "C:\Users\User\AppData\Local\Programs\Python\Python311\Lib\site-packages\telegram\ext\_extbot.py", line 618, in get_updates
    updates = await super().get_updates(
              ^^^^^^^^^^^^^^^^^^^^^^^^^^
  File "C:\Users\User\AppData\Local\Programs\Python\Python311\Lib\site-packages\telegram\_bot.py", line 542, in decorator
    result = await func(self, *args, **kwargs)
             ^^^^^^^^^^^^^^^^^^^^^^^^^^^^^^^^^
  File "C:\Users\User\AppData\Local\Programs\Python\Python311\Lib\site-packages\telegram\_bot.py", line 4164, in get_updates
    await self._post(
  File "C:\Users\User\AppData\Local\Programs\Python\Python311\Lib\site-packages\telegram\_bot.py", line 630, in _post
    return await self._do_post(
           ^^^^^^^^^^^^^^^^^^^^
  File "C:\Users\User\AppData\Local\Programs\Python\Python311\Lib\site-packages\telegram\ext\_extbot.py", line 347, in _do_post
    return await super()._do_post(
           ^^^^^^^^^^^^^^^^^^^^^^^
  File "C:\Users\User\AppData\Local\Programs\Python\Python311\Lib\site-packages\telegram\_bot.py", line 658, in _do_post
    return await request.post(
           ^^^^^^^^^^^^^^^^^^^
  File "C:\Users\User\AppData\Local\Programs\Python\Python311\Lib\site-packages\telegram\request\_baserequest.py", line 200, in post
    result = await self._request_wrapper(
             ^^^^^^^^^^^^^^^^^^^^^^^^^^^^
  File "C:\Users\User\AppData\Local\Programs\Python\Python311\Lib\site-packages\telegram\request\_baserequest.py", line 381, in _request_wrapper
    raise Conflict(message)
telegram.error.Conflict: Conflict: terminated by other getUpdates request; make sure that only one bot instance is running
2026-03-21 23:13:43,884 | INFO     | httpx | HTTP Request: POST https://api.telegram.org/bot8293045317:AAHqHL9iNB6es1RRew5Ygg9E7nYqhSCuSo4/getUpdates "HTTP/1.1 200 OK"
2026-03-21 23:13:44,419 | INFO     | httpx | HTTP Request: POST https://api.telegram.org/bot8293045317:AAHqHL9iNB6es1RRew5Ygg9E7nYqhSCuSo4/sendMessage "HTTP/1.1 200 OK"
2026-03-21 23:13:46,047 | INFO     | httpx | HTTP Request: POST https://api.telegram.org/bot8293045317:AAHqHL9iNB6es1RRew5Ygg9E7nYqhSCuSo4/getUpdates "HTTP/1.1 200 OK"
2026-03-21 23:13:46,533 | INFO     | httpx | HTTP Request: POST https://api.telegram.org/bot8293045317:AAHqHL9iNB6es1RRew5Ygg9E7nYqhSCuSo4/answerCallbackQuery "HTTP/1.1 200 OK"
2026-03-21 23:13:46,667 | INFO     | httpx | HTTP Request: POST https://api.telegram.org/bot8293045317:AAHqHL9iNB6es1RRew5Ygg9E7nYqhSCuSo4/editMessageText "HTTP/1.1 200 OK"
2026-03-21 23:13:47,821 | INFO     | httpx | HTTP Request: POST https://api.telegram.org/bot8293045317:AAHqHL9iNB6es1RRew5Ygg9E7nYqhSCuSo4/getUpdates "HTTP/1.1 409 Conflict"
2026-03-21 23:13:47,821 | ERROR    | telegram.ext.Updater | Error while getting Updates: Conflict: terminated by other getUpdates request; make sure that only one bot instance is running
2026-03-21 23:13:47,822 | ERROR    | telegram.ext.Application | No error handlers are registered, logging exception.
Traceback (most recent call last):
  File "D:\Work\Загрузки\files\venv\Lib\site-packages\telegram\ext\_updater.py", line 715, in _network_loop_retry
    if not await action_cb():
           ^^^^^^^^^^^^^^^^^
  File "D:\Work\Загрузки\files\venv\Lib\site-packages\telegram\ext\_updater.py", line 384, in polling_action_cb
    raise exc
  File "D:\Work\Загрузки\files\venv\Lib\site-packages\telegram\ext\_updater.py", line 373, in polling_action_cb
    updates = await self.bot.get_updates(
              ^^^^^^^^^^^^^^^^^^^^^^^^^^^
  File "D:\Work\Загрузки\files\venv\Lib\site-packages\telegram\ext\_extbot.py", line 618, in get_updates
    updates = await super().get_updates(
              ^^^^^^^^^^^^^^^^^^^^^^^^^^
  File "D:\Work\Загрузки\files\venv\Lib\site-packages\telegram\_bot.py", line 542, in decorator
    result = await func(self, *args, **kwargs)
             ^^^^^^^^^^^^^^^^^^^^^^^^^^^^^^^^^
  File "D:\Work\Загрузки\files\venv\Lib\site-packages\telegram\_bot.py", line 4164, in get_updates
    await self._post(
  File "D:\Work\Загрузки\files\venv\Lib\site-packages\telegram\_bot.py", line 630, in _post
    return await self._do_post(
           ^^^^^^^^^^^^^^^^^^^^
  File "D:\Work\Загрузки\files\venv\Lib\site-packages\telegram\ext\_extbot.py", line 347, in _do_post
    return await super()._do_post(
           ^^^^^^^^^^^^^^^^^^^^^^^
  File "D:\Work\Загрузки\files\venv\Lib\site-packages\telegram\_bot.py", line 658, in _do_post
    return await request.post(
           ^^^^^^^^^^^^^^^^^^^
  File "D:\Work\Загрузки\files\venv\Lib\site-packages\telegram\request\_baserequest.py", line 200, in post
    result = await self._request_wrapper(
             ^^^^^^^^^^^^^^^^^^^^^^^^^^^^
  File "D:\Work\Загрузки\files\venv\Lib\site-packages\telegram\request\_baserequest.py", line 381, in _request_wrapper
    raise Conflict(message)
telegram.error.Conflict: Conflict: terminated by other getUpdates request; make sure that only one bot instance is running
2026-03-21 23:13:48,944 | INFO     | httpx | HTTP Request: POST https://api.telegram.org/bot8293045317:AAHqHL9iNB6es1RRew5Ygg9E7nYqhSCuSo4/getUpdates "HTTP/1.1 409 Conflict"
2026-03-21 23:13:48,947 | ERROR    | telegram.ext.Updater | Error while getting Updates: Conflict: terminated by other getUpdates request; make sure that only one bot instance is running
2026-03-21 23:13:48,947 | ERROR    | telegram.ext.Application | No error handlers are registered, logging exception.
Traceback (most recent call last):
  File "C:\Users\User\AppData\Local\Programs\Python\Python311\Lib\site-packages\telegram\ext\_updater.py", line 715, in _network_loop_retry
    if not await action_cb():
           ^^^^^^^^^^^^^^^^^
  File "C:\Users\User\AppData\Local\Programs\Python\Python311\Lib\site-packages\telegram\ext\_updater.py", line 384, in polling_action_cb
    raise exc
  File "C:\Users\User\AppData\Local\Programs\Python\Python311\Lib\site-packages\telegram\ext\_updater.py", line 373, in polling_action_cb
    updates = await self.bot.get_updates(
              ^^^^^^^^^^^^^^^^^^^^^^^^^^^
  File "C:\Users\User\AppData\Local\Programs\Python\Python311\Lib\site-packages\telegram\ext\_extbot.py", line 618, in get_updates
    updates = await super().get_updates(
              ^^^^^^^^^^^^^^^^^^^^^^^^^^
  File "C:\Users\User\AppData\Local\Programs\Python\Python311\Lib\site-packages\telegram\_bot.py", line 542, in decorator
    result = await func(self, *args, **kwargs)
             ^^^^^^^^^^^^^^^^^^^^^^^^^^^^^^^^^
  File "C:\Users\User\AppData\Local\Programs\Python\Python311\Lib\site-packages\telegram\_bot.py", line 4164, in get_updates
    await self._post(
  File "C:\Users\User\AppData\Local\Programs\Python\Python311\Lib\site-packages\telegram\_bot.py", line 630, in _post
    return await self._do_post(
           ^^^^^^^^^^^^^^^^^^^^
  File "C:\Users\User\AppData\Local\Programs\Python\Python311\Lib\site-packages\telegram\ext\_extbot.py", line 347, in _do_post
    return await super()._do_post(
           ^^^^^^^^^^^^^^^^^^^^^^^
  File "C:\Users\User\AppData\Local\Programs\Python\Python311\Lib\site-packages\telegram\_bot.py", line 658, in _do_post
    return await request.post(
           ^^^^^^^^^^^^^^^^^^^
  File "C:\Users\User\AppData\Local\Programs\Python\Python311\Lib\site-packages\telegram\request\_baserequest.py", line 200, in post
    result = await self._request_wrapper(
             ^^^^^^^^^^^^^^^^^^^^^^^^^^^^
  File "C:\Users\User\AppData\Local\Programs\Python\Python311\Lib\site-packages\telegram\request\_baserequest.py", line 381, in _request_wrapper
    raise Conflict(message)
telegram.error.Conflict: Conflict: terminated by other getUpdates request; make sure that only one bot instance is running
2026-03-21 23:13:53,071 | INFO     | httpx | HTTP Request: POST https://api.telegram.org/bot8293045317:AAHqHL9iNB6es1RRew5Ygg9E7nYqhSCuSo4/getUpdates "HTTP/1.1 409 Conflict"
2026-03-21 23:13:53,072 | ERROR    | telegram.ext.Updater | Error while getting Updates: Conflict: terminated by other getUpdates request; make sure that only one bot instance is running
2026-03-21 23:13:53,073 | ERROR    | telegram.ext.Application | No error handlers are registered, logging exception.
Traceback (most recent call last):
  File "D:\Work\Загрузки\files\venv\Lib\site-packages\telegram\ext\_updater.py", line 715, in _network_loop_retry
    if not await action_cb():
           ^^^^^^^^^^^^^^^^^
  File "D:\Work\Загрузки\files\venv\Lib\site-packages\telegram\ext\_updater.py", line 384, in polling_action_cb
    raise exc
  File "D:\Work\Загрузки\files\venv\Lib\site-packages\telegram\ext\_updater.py", line 373, in polling_action_cb
    updates = await self.bot.get_updates(
              ^^^^^^^^^^^^^^^^^^^^^^^^^^^
  File "D:\Work\Загрузки\files\venv\Lib\site-packages\telegram\ext\_extbot.py", line 618, in get_updates
    updates = await super().get_updates(
              ^^^^^^^^^^^^^^^^^^^^^^^^^^
  File "D:\Work\Загрузки\files\venv\Lib\site-packages\telegram\_bot.py", line 542, in decorator
    result = await func(self, *args, **kwargs)
             ^^^^^^^^^^^^^^^^^^^^^^^^^^^^^^^^^
  File "D:\Work\Загрузки\files\venv\Lib\site-packages\telegram\_bot.py", line 4164, in get_updates
    await self._post(
  File "D:\Work\Загрузки\files\venv\Lib\site-packages\telegram\_bot.py", line 630, in _post
    return await self._do_post(
           ^^^^^^^^^^^^^^^^^^^^
  File "D:\Work\Загрузки\files\venv\Lib\site-packages\telegram\ext\_extbot.py", line 347, in _do_post
    return await super()._do_post(
           ^^^^^^^^^^^^^^^^^^^^^^^
  File "D:\Work\Загрузки\files\venv\Lib\site-packages\telegram\_bot.py", line 658, in _do_post
    return await request.post(
           ^^^^^^^^^^^^^^^^^^^
  File "D:\Work\Загрузки\files\venv\Lib\site-packages\telegram\request\_baserequest.py", line 200, in post
    result = await self._request_wrapper(
             ^^^^^^^^^^^^^^^^^^^^^^^^^^^^
  File "D:\Work\Загрузки\files\venv\Lib\site-packages\telegram\request\_baserequest.py", line 381, in _request_wrapper
    raise Conflict(message)
telegram.error.Conflict: Conflict: terminated by other getUpdates request; make sure that only one bot instance is running
2026-03-21 23:13:54,678 | INFO     | httpx | HTTP Request: POST https://api.telegram.org/bot8293045317:AAHqHL9iNB6es1RRew5Ygg9E7nYqhSCuSo4/getUpdates "HTTP/1.1 409 Conflict"
2026-03-21 23:13:54,679 | ERROR    | telegram.ext.Updater | Error while getting Updates: Conflict: terminated by other getUpdates request; make sure that only one bot instance is running
2026-03-21 23:13:54,679 | ERROR    | telegram.ext.Application | No error handlers are registered, logging exception.
Traceback (most recent call last):
  File "C:\Users\User\AppData\Local\Programs\Python\Python311\Lib\site-packages\telegram\ext\_updater.py", line 715, in _network_loop_retry
    if not await action_cb():
           ^^^^^^^^^^^^^^^^^
  File "C:\Users\User\AppData\Local\Programs\Python\Python311\Lib\site-packages\telegram\ext\_updater.py", line 384, in polling_action_cb
    raise exc
  File "C:\Users\User\AppData\Local\Programs\Python\Python311\Lib\site-packages\telegram\ext\_updater.py", line 373, in polling_action_cb
    updates = await self.bot.get_updates(
              ^^^^^^^^^^^^^^^^^^^^^^^^^^^
  File "C:\Users\User\AppData\Local\Programs\Python\Python311\Lib\site-packages\telegram\ext\_extbot.py", line 618, in get_updates
    updates = await super().get_updates(
              ^^^^^^^^^^^^^^^^^^^^^^^^^^
  File "C:\Users\User\AppData\Local\Programs\Python\Python311\Lib\site-packages\telegram\_bot.py", line 542, in decorator
    result = await func(self, *args, **kwargs)
             ^^^^^^^^^^^^^^^^^^^^^^^^^^^^^^^^^
  File "C:\Users\User\AppData\Local\Programs\Python\Python311\Lib\site-packages\telegram\_bot.py", line 4164, in get_updates
    await self._post(
  File "C:\Users\User\AppData\Local\Programs\Python\Python311\Lib\site-packages\telegram\_bot.py", line 630, in _post
    return await self._do_post(
           ^^^^^^^^^^^^^^^^^^^^
  File "C:\Users\User\AppData\Local\Programs\Python\Python311\Lib\site-packages\telegram\ext\_extbot.py", line 347, in _do_post
    return await super()._do_post(
           ^^^^^^^^^^^^^^^^^^^^^^^
  File "C:\Users\User\AppData\Local\Programs\Python\Python311\Lib\site-packages\telegram\_bot.py", line 658, in _do_post
    return await request.post(
           ^^^^^^^^^^^^^^^^^^^
  File "C:\Users\User\AppData\Local\Programs\Python\Python311\Lib\site-packages\telegram\request\_baserequest.py", line 200, in post
    result = await self._request_wrapper(
             ^^^^^^^^^^^^^^^^^^^^^^^^^^^^
  File "C:\Users\User\AppData\Local\Programs\Python\Python311\Lib\site-packages\telegram\request\_baserequest.py", line 381, in _request_wrapper
    raise Conflict(message)
telegram.error.Conflict: Conflict: terminated by other getUpdates request; make sure that only one bot instance is running
2026-03-21 23:13:59,297 | INFO     | httpx | HTTP Request: POST https://api.telegram.org/bot8293045317:AAHqHL9iNB6es1RRew5Ygg9E7nYqhSCuSo4/getUpdates "HTTP/1.1 409 Conflict"
2026-03-21 23:13:59,297 | ERROR    | telegram.ext.Updater | Error while getting Updates: Conflict: terminated by other getUpdates request; make sure that only one bot instance is running
2026-03-21 23:13:59,298 | ERROR    | telegram.ext.Application | No error handlers are registered, logging exception.
Traceback (most recent call last):
  File "D:\Work\Загрузки\files\venv\Lib\site-packages\telegram\ext\_updater.py", line 715, in _network_loop_retry
    if not await action_cb():
           ^^^^^^^^^^^^^^^^^
  File "D:\Work\Загрузки\files\venv\Lib\site-packages\telegram\ext\_updater.py", line 384, in polling_action_cb
    raise exc
  File "D:\Work\Загрузки\files\venv\Lib\site-packages\telegram\ext\_updater.py", line 373, in polling_action_cb
    updates = await self.bot.get_updates(
              ^^^^^^^^^^^^^^^^^^^^^^^^^^^
  File "D:\Work\Загрузки\files\venv\Lib\site-packages\telegram\ext\_extbot.py", line 618, in get_updates
    updates = await super().get_updates(
              ^^^^^^^^^^^^^^^^^^^^^^^^^^
  File "D:\Work\Загрузки\files\venv\Lib\site-packages\telegram\_bot.py", line 542, in decorator
    result = await func(self, *args, **kwargs)
             ^^^^^^^^^^^^^^^^^^^^^^^^^^^^^^^^^
  File "D:\Work\Загрузки\files\venv\Lib\site-packages\telegram\_bot.py", line 4164, in get_updates
    await self._post(
  File "D:\Work\Загрузки\files\venv\Lib\site-packages\telegram\_bot.py", line 630, in _post
    return await self._do_post(
           ^^^^^^^^^^^^^^^^^^^^
  File "D:\Work\Загрузки\files\venv\Lib\site-packages\telegram\ext\_extbot.py", line 347, in _do_post
    return await super()._do_post(
           ^^^^^^^^^^^^^^^^^^^^^^^
  File "D:\Work\Загрузки\files\venv\Lib\site-packages\telegram\_bot.py", line 658, in _do_post
    return await request.post(
           ^^^^^^^^^^^^^^^^^^^
  File "D:\Work\Загрузки\files\venv\Lib\site-packages\telegram\request\_baserequest.py", line 200, in post
    result = await self._request_wrapper(
             ^^^^^^^^^^^^^^^^^^^^^^^^^^^^
  File "D:\Work\Загрузки\files\venv\Lib\site-packages\telegram\request\_baserequest.py", line 381, in _request_wrapper
    raise Conflict(message)
telegram.error.Conflict: Conflict: terminated by other getUpdates request; make sure that only one bot instance is running
2026-03-21 23:14:01,817 | INFO     | httpx | HTTP Request: POST https://api.telegram.org/bot8293045317:AAHqHL9iNB6es1RRew5Ygg9E7nYqhSCuSo4/getUpdates "HTTP/1.1 409 Conflict"
2026-03-21 23:14:01,819 | ERROR    | telegram.ext.Updater | Error while getting Updates: Conflict: terminated by other getUpdates request; make sure that only one bot instance is running
2026-03-21 23:14:01,820 | ERROR    | telegram.ext.Application | No error handlers are registered, logging exception.
Traceback (most recent call last):
  File "C:\Users\User\AppData\Local\Programs\Python\Python311\Lib\site-packages\telegram\ext\_updater.py", line 715, in _network_loop_retry
    if not await action_cb():
           ^^^^^^^^^^^^^^^^^
  File "C:\Users\User\AppData\Local\Programs\Python\Python311\Lib\site-packages\telegram\ext\_updater.py", line 384, in polling_action_cb
    raise exc
  File "C:\Users\User\AppData\Local\Programs\Python\Python311\Lib\site-packages\telegram\ext\_updater.py", line 373, in polling_action_cb
    updates = await self.bot.get_updates(
              ^^^^^^^^^^^^^^^^^^^^^^^^^^^
  File "C:\Users\User\AppData\Local\Programs\Python\Python311\Lib\site-packages\telegram\ext\_extbot.py", line 618, in get_updates
    updates = await super().get_updates(
              ^^^^^^^^^^^^^^^^^^^^^^^^^^
  File "C:\Users\User\AppData\Local\Programs\Python\Python311\Lib\site-packages\telegram\_bot.py", line 542, in decorator
    result = await func(self, *args, **kwargs)
             ^^^^^^^^^^^^^^^^^^^^^^^^^^^^^^^^^
  File "C:\Users\User\AppData\Local\Programs\Python\Python311\Lib\site-packages\telegram\_bot.py", line 4164, in get_updates
    await self._post(
  File "C:\Users\User\AppData\Local\Programs\Python\Python311\Lib\site-packages\telegram\_bot.py", line 630, in _post
    return await self._do_post(
           ^^^^^^^^^^^^^^^^^^^^
  File "C:\Users\User\AppData\Local\Programs\Python\Python311\Lib\site-packages\telegram\ext\_extbot.py", line 347, in _do_post
    return await super()._do_post(
           ^^^^^^^^^^^^^^^^^^^^^^^
  File "C:\Users\User\AppData\Local\Programs\Python\Python311\Lib\site-packages\telegram\_bot.py", line 658, in _do_post
    return await request.post(
           ^^^^^^^^^^^^^^^^^^^
  File "C:\Users\User\AppData\Local\Programs\Python\Python311\Lib\site-packages\telegram\request\_baserequest.py", line 200, in post
    result = await self._request_wrapper(
             ^^^^^^^^^^^^^^^^^^^^^^^^^^^^
  File "C:\Users\User\AppData\Local\Programs\Python\Python311\Lib\site-packages\telegram\request\_baserequest.py", line 381, in _request_wrapper
    raise Conflict(message)
telegram.error.Conflict: Conflict: terminated by other getUpdates request; make sure that only one bot instance is running
2026-03-21 23:14:07,208 | INFO     | httpx | HTTP Request: POST https://api.telegram.org/bot8293045317:AAHqHL9iNB6es1RRew5Ygg9E7nYqhSCuSo4/getUpdates "HTTP/1.1 409 Conflict"
2026-03-21 23:14:07,208 | ERROR    | telegram.ext.Updater | Error while getting Updates: Conflict: terminated by other getUpdates request; make sure that only one bot instance is running
2026-03-21 23:14:07,209 | ERROR    | telegram.ext.Application | No error handlers are registered, logging exception.
Traceback (most recent call last):
  File "D:\Work\Загрузки\files\venv\Lib\site-packages\telegram\ext\_updater.py", line 715, in _network_loop_retry
    if not await action_cb():
           ^^^^^^^^^^^^^^^^^
  File "D:\Work\Загрузки\files\venv\Lib\site-packages\telegram\ext\_updater.py", line 384, in polling_action_cb
    raise exc
  File "D:\Work\Загрузки\files\venv\Lib\site-packages\telegram\ext\_updater.py", line 373, in polling_action_cb
    updates = await self.bot.get_updates(
              ^^^^^^^^^^^^^^^^^^^^^^^^^^^
  File "D:\Work\Загрузки\files\venv\Lib\site-packages\telegram\ext\_extbot.py", line 618, in get_updates
    updates = await super().get_updates(
              ^^^^^^^^^^^^^^^^^^^^^^^^^^
  File "D:\Work\Загрузки\files\venv\Lib\site-packages\telegram\_bot.py", line 542, in decorator
    result = await func(self, *args, **kwargs)
             ^^^^^^^^^^^^^^^^^^^^^^^^^^^^^^^^^
  File "D:\Work\Загрузки\files\venv\Lib\site-packages\telegram\_bot.py", line 4164, in get_updates
    await self._post(
  File "D:\Work\Загрузки\files\venv\Lib\site-packages\telegram\_bot.py", line 630, in _post
    return await self._do_post(
           ^^^^^^^^^^^^^^^^^^^^
  File "D:\Work\Загрузки\files\venv\Lib\site-packages\telegram\ext\_extbot.py", line 347, in _do_post
    return await super()._do_post(
           ^^^^^^^^^^^^^^^^^^^^^^^
  File "D:\Work\Загрузки\files\venv\Lib\site-packages\telegram\_bot.py", line 658, in _do_post
    return await request.post(
           ^^^^^^^^^^^^^^^^^^^
  File "D:\Work\Загрузки\files\venv\Lib\site-packages\telegram\request\_baserequest.py", line 200, in post
    result = await self._request_wrapper(
             ^^^^^^^^^^^^^^^^^^^^^^^^^^^^
  File "D:\Work\Загрузки\files\venv\Lib\site-packages\telegram\request\_baserequest.py", line 381, in _request_wrapper
    raise Conflict(message)
telegram.error.Conflict: Conflict: terminated by other getUpdates request; make sure that only one bot instance is running
2026-03-21 23:14:10,714 | INFO     | httpx | HTTP Request: POST https://api.telegram.org/bot8293045317:AAHqHL9iNB6es1RRew5Ygg9E7nYqhSCuSo4/getUpdates "HTTP/1.1 409 Conflict"
2026-03-21 23:14:10,715 | ERROR    | telegram.ext.Updater | Error while getting Updates: Conflict: terminated by other getUpdates request; make sure that only one bot instance is running
2026-03-21 23:14:10,715 | ERROR    | telegram.ext.Application | No error handlers are registered, logging exception.
Traceback (most recent call last):
  File "C:\Users\User\AppData\Local\Programs\Python\Python311\Lib\site-packages\telegram\ext\_updater.py", line 715, in _network_loop_retry
    if not await action_cb():
           ^^^^^^^^^^^^^^^^^
  File "C:\Users\User\AppData\Local\Programs\Python\Python311\Lib\site-packages\telegram\ext\_updater.py", line 384, in polling_action_cb
    raise exc
  File "C:\Users\User\AppData\Local\Programs\Python\Python311\Lib\site-packages\telegram\ext\_updater.py", line 373, in polling_action_cb
    updates = await self.bot.get_updates(
              ^^^^^^^^^^^^^^^^^^^^^^^^^^^
  File "C:\Users\User\AppData\Local\Programs\Python\Python311\Lib\site-packages\telegram\ext\_extbot.py", line 618, in get_updates
    updates = await super().get_updates(
              ^^^^^^^^^^^^^^^^^^^^^^^^^^
  File "C:\Users\User\AppData\Local\Programs\Python\Python311\Lib\site-packages\telegram\_bot.py", line 542, in decorator
    result = await func(self, *args, **kwargs)
             ^^^^^^^^^^^^^^^^^^^^^^^^^^^^^^^^^
  File "C:\Users\User\AppData\Local\Programs\Python\Python311\Lib\site-packages\telegram\_bot.py", line 4164, in get_updates
    await self._post(
  File "C:\Users\User\AppData\Local\Programs\Python\Python311\Lib\site-packages\telegram\_bot.py", line 630, in _post
    return await self._do_post(
           ^^^^^^^^^^^^^^^^^^^^
  File "C:\Users\User\AppData\Local\Programs\Python\Python311\Lib\site-packages\telegram\ext\_extbot.py", line 347, in _do_post
    return await super()._do_post(
           ^^^^^^^^^^^^^^^^^^^^^^^
  File "C:\Users\User\AppData\Local\Programs\Python\Python311\Lib\site-packages\telegram\_bot.py", line 658, in _do_post
    return await request.post(
           ^^^^^^^^^^^^^^^^^^^
  File "C:\Users\User\AppData\Local\Programs\Python\Python311\Lib\site-packages\telegram\request\_baserequest.py", line 200, in post
    result = await self._request_wrapper(
             ^^^^^^^^^^^^^^^^^^^^^^^^^^^^
  File "C:\Users\User\AppData\Local\Programs\Python\Python311\Lib\site-packages\telegram\request\_baserequest.py", line 381, in _request_wrapper
    raise Conflict(message)
telegram.error.Conflict: Conflict: terminated by other getUpdates request; make sure that only one bot instance is running
2026-03-21 23:14:14,239 | INFO     | httpx | HTTP Request: POST https://api.telegram.org/bot8293045317:AAHqHL9iNB6es1RRew5Ygg9E7nYqhSCuSo4/getUpdates "HTTP/1.1 409 Conflict"
2026-03-21 23:14:14,239 | ERROR    | telegram.ext.Updater | Error while getting Updates: Conflict: terminated by other getUpdates request; make sure that only one bot instance is running
2026-03-21 23:14:14,240 | ERROR    | telegram.ext.Application | No error handlers are registered, logging exception.
Traceback (most recent call last):
  File "D:\Work\Загрузки\files\venv\Lib\site-packages\telegram\ext\_updater.py", line 715, in _network_loop_retry
    if not await action_cb():
           ^^^^^^^^^^^^^^^^^
  File "D:\Work\Загрузки\files\venv\Lib\site-packages\telegram\ext\_updater.py", line 384, in polling_action_cb
    raise exc
  File "D:\Work\Загрузки\files\venv\Lib\site-packages\telegram\ext\_updater.py", line 373, in polling_action_cb
    updates = await self.bot.get_updates(
              ^^^^^^^^^^^^^^^^^^^^^^^^^^^
  File "D:\Work\Загрузки\files\venv\Lib\site-packages\telegram\ext\_extbot.py", line 618, in get_updates
    updates = await super().get_updates(
              ^^^^^^^^^^^^^^^^^^^^^^^^^^
  File "D:\Work\Загрузки\files\venv\Lib\site-packages\telegram\_bot.py", line 542, in decorator
    result = await func(self, *args, **kwargs)
             ^^^^^^^^^^^^^^^^^^^^^^^^^^^^^^^^^
  File "D:\Work\Загрузки\files\venv\Lib\site-packages\telegram\_bot.py", line 4164, in get_updates
    await self._post(
  File "D:\Work\Загрузки\files\venv\Lib\site-packages\telegram\_bot.py", line 630, in _post
    return await self._do_post(
           ^^^^^^^^^^^^^^^^^^^^
  File "D:\Work\Загрузки\files\venv\Lib\site-packages\telegram\ext\_extbot.py", line 347, in _do_post
    return await super()._do_post(
           ^^^^^^^^^^^^^^^^^^^^^^^
  File "D:\Work\Загрузки\files\venv\Lib\site-packages\telegram\_bot.py", line 658, in _do_post
    return await request.post(
           ^^^^^^^^^^^^^^^^^^^
  File "D:\Work\Загрузки\files\venv\Lib\site-packages\telegram\request\_baserequest.py", line 200, in post
    result = await self._request_wrapper(
             ^^^^^^^^^^^^^^^^^^^^^^^^^^^^
  File "D:\Work\Загрузки\files\venv\Lib\site-packages\telegram\request\_baserequest.py", line 381, in _request_wrapper
    raise Conflict(message)
telegram.error.Conflict: Conflict: terminated by other getUpdates request; make sure that only one bot instance is running
2026-03-21 23:14:19,824 | INFO     | httpx | HTTP Request: POST https://api.telegram.org/bot8293045317:AAHqHL9iNB6es1RRew5Ygg9E7nYqhSCuSo4/getUpdates "HTTP/1.1 409 Conflict"
2026-03-21 23:14:19,825 | ERROR    | telegram.ext.Updater | Error while getting Updates: Conflict: terminated by other getUpdates request; make sure that only one bot instance is running
2026-03-21 23:14:19,825 | ERROR    | telegram.ext.Application | No error handlers are registered, logging exception.
Traceback (most recent call last):
  File "C:\Users\User\AppData\Local\Programs\Python\Python311\Lib\site-packages\telegram\ext\_updater.py", line 715, in _network_loop_retry
    if not await action_cb():
           ^^^^^^^^^^^^^^^^^
  File "C:\Users\User\AppData\Local\Programs\Python\Python311\Lib\site-packages\telegram\ext\_updater.py", line 384, in polling_action_cb
    raise exc
  File "C:\Users\User\AppData\Local\Programs\Python\Python311\Lib\site-packages\telegram\ext\_updater.py", line 373, in polling_action_cb
    updates = await self.bot.get_updates(
              ^^^^^^^^^^^^^^^^^^^^^^^^^^^
  File "C:\Users\User\AppData\Local\Programs\Python\Python311\Lib\site-packages\telegram\ext\_extbot.py", line 618, in get_updates
    updates = await super().get_updates(
              ^^^^^^^^^^^^^^^^^^^^^^^^^^
  File "C:\Users\User\AppData\Local\Programs\Python\Python311\Lib\site-packages\telegram\_bot.py", line 542, in decorator
    result = await func(self, *args, **kwargs)
             ^^^^^^^^^^^^^^^^^^^^^^^^^^^^^^^^^
  File "C:\Users\User\AppData\Local\Programs\Python\Python311\Lib\site-packages\telegram\_bot.py", line 4164, in get_updates
    await self._post(
  File "C:\Users\User\AppData\Local\Programs\Python\Python311\Lib\site-packages\telegram\_bot.py", line 630, in _post
    return await self._do_post(
           ^^^^^^^^^^^^^^^^^^^^
  File "C:\Users\User\AppData\Local\Programs\Python\Python311\Lib\site-packages\telegram\ext\_extbot.py", line 347, in _do_post
    return await super()._do_post(
           ^^^^^^^^^^^^^^^^^^^^^^^
  File "C:\Users\User\AppData\Local\Programs\Python\Python311\Lib\site-packages\telegram\_bot.py", line 658, in _do_post
    return await request.post(
           ^^^^^^^^^^^^^^^^^^^
  File "C:\Users\User\AppData\Local\Programs\Python\Python311\Lib\site-packages\telegram\request\_baserequest.py", line 200, in post
    result = await self._request_wrapper(
             ^^^^^^^^^^^^^^^^^^^^^^^^^^^^
  File "C:\Users\User\AppData\Local\Programs\Python\Python311\Lib\site-packages\telegram\request\_baserequest.py", line 381, in _request_wrapper
    raise Conflict(message)
telegram.error.Conflict: Conflict: terminated by other getUpdates request; make sure that only one bot instance is running
2026-03-21 23:14:23,615 | INFO     | httpx | HTTP Request: POST https://api.telegram.org/bot8293045317:AAHqHL9iNB6es1RRew5Ygg9E7nYqhSCuSo4/getUpdates "HTTP/1.1 200 OK"
2026-03-21 23:14:23,616 | INFO     | telegram.ext.Application | Application is stopping. This might take a moment.
2026-03-21 23:14:23,616 | INFO     | telegram.ext.Application | Application.stop() complete
2026-03-21 23:14:35,890 | INFO     | httpx | HTTP Request: POST https://api.telegram.org/bot8293045317:AAHqHL9iNB6es1RRew5Ygg9E7nYqhSCuSo4/getUpdates "HTTP/1.1 200 OK"
2026-03-21 23:14:51,953 | INFO     | __main__ | 🚀 Бот запущен | Админы: [5352436388] | FREE_TRIALS: 5
2026-03-21 23:14:52,501 | INFO     | httpx | HTTP Request: POST https://api.telegram.org/bot8293045317:AAHqHL9iNB6es1RRew5Ygg9E7nYqhSCuSo4/deleteWebhook "HTTP/1.1 200 OK"
2026-03-21 23:14:52,501 | INFO     | __main__ | ✅ Webhook удален, pending updates очищены
2026-03-21 23:14:52,502 | ERROR    | __main__ | Неожиданная ошибка: There is no current event loop in thread 'MainThread'.
2026-03-21 23:15:02,713 | INFO     | __main__ | 🚀 Бот запущен | Админы: [5352436388] | FREE_TRIALS: 5
2026-03-21 23:15:03,366 | INFO     | httpx | HTTP Request: POST https://api.telegram.org/bot8293045317:AAHqHL9iNB6es1RRew5Ygg9E7nYqhSCuSo4/getMe "HTTP/1.1 200 OK"
2026-03-21 23:15:03,502 | INFO     | httpx | HTTP Request: POST https://api.telegram.org/bot8293045317:AAHqHL9iNB6es1RRew5Ygg9E7nYqhSCuSo4/deleteWebhook "HTTP/1.1 200 OK"
2026-03-21 23:15:03,504 | INFO     | telegram.ext.Application | Application started
2026-03-21 23:15:14,657 | INFO     | httpx | HTTP Request: POST https://api.telegram.org/bot8293045317:AAHqHL9iNB6es1RRew5Ygg9E7nYqhSCuSo4/getUpdates "HTTP/1.1 200 OK"
2026-03-21 23:15:24,784 | INFO     | httpx | HTTP Request: POST https://api.telegram.org/bot8293045317:AAHqHL9iNB6es1RRew5Ygg9E7nYqhSCuSo4/getUpdates "HTTP/1.1 200 OK"
2026-03-21 23:15:34,907 | INFO     | httpx | HTTP Request: POST https://api.telegram.org/bot8293045317:AAHqHL9iNB6es1RRew5Ygg9E7nYqhSCuSo4/getUpdates "HTTP/1.1 200 OK"
2026-03-21 23:15:45,060 | INFO     | httpx | HTTP Request: POST https://api.telegram.org/bot8293045317:AAHqHL9iNB6es1RRew5Ygg9E7nYqhSCuSo4/getUpdates "HTTP/1.1 200 OK"
2026-03-21 23:15:55,183 | INFO     | httpx | HTTP Request: POST https://api.telegram.org/bot8293045317:AAHqHL9iNB6es1RRew5Ygg9E7nYqhSCuSo4/getUpdates "HTTP/1.1 200 OK"
2026-03-21 23:16:20,678 | INFO     | httpx | HTTP Request: POST https://api.telegram.org/bot8293045317:AAHqHL9iNB6es1RRew5Ygg9E7nYqhSCuSo4/getUpdates "HTTP/1.1 200 OK"
2026-03-21 23:16:30,799 | INFO     | httpx | HTTP Request: POST https://api.telegram.org/bot8293045317:AAHqHL9iNB6es1RRew5Ygg9E7nYqhSCuSo4/getUpdates "HTTP/1.1 200 OK"
2026-03-21 23:16:40,915 | INFO     | httpx | HTTP Request: POST https://api.telegram.org/bot8293045317:AAHqHL9iNB6es1RRew5Ygg9E7nYqhSCuSo4/getUpdates "HTTP/1.1 200 OK"
2026-03-21 23:16:51,029 | INFO     | httpx | HTTP Request: POST https://api.telegram.org/bot8293045317:AAHqHL9iNB6es1RRew5Ygg9E7nYqhSCuSo4/getUpdates "HTTP/1.1 200 OK"
2026-03-21 23:17:01,174 | INFO     | httpx | HTTP Request: POST https://api.telegram.org/bot8293045317:AAHqHL9iNB6es1RRew5Ygg9E7nYqhSCuSo4/getUpdates "HTTP/1.1 200 OK"
2026-03-21 23:17:11,297 | INFO     | httpx | HTTP Request: POST https://api.telegram.org/bot8293045317:AAHqHL9iNB6es1RRew5Ygg9E7nYqhSCuSo4/getUpdates "HTTP/1.1 200 OK"
2026-03-21 23:17:21,422 | INFO     | httpx | HTTP Request: POST https://api.telegram.org/bot8293045317:AAHqHL9iNB6es1RRew5Ygg9E7nYqhSCuSo4/getUpdates "HTTP/1.1 200 OK"
2026-03-21 23:17:31,538 | INFO     | httpx | HTTP Request: POST https://api.telegram.org/bot8293045317:AAHqHL9iNB6es1RRew5Ygg9E7nYqhSCuSo4/getUpdates "HTTP/1.1 200 OK"
2026-03-21 23:17:41,668 | INFO     | httpx | HTTP Request: POST https://api.telegram.org/bot8293045317:AAHqHL9iNB6es1RRew5Ygg9E7nYqhSCuSo4/getUpdates "HTTP/1.1 200 OK"
2026-03-21 23:17:51,790 | INFO     | httpx | HTTP Request: POST https://api.telegram.org/bot8293045317:AAHqHL9iNB6es1RRew5Ygg9E7nYqhSCuSo4/getUpdates "HTTP/1.1 200 OK"
2026-03-21 23:18:02,035 | INFO     | httpx | HTTP Request: POST https://api.telegram.org/bot8293045317:AAHqHL9iNB6es1RRew5Ygg9E7nYqhSCuSo4/getUpdates "HTTP/1.1 200 OK"
2026-03-21 23:18:12,197 | INFO     | httpx | HTTP Request: POST https://api.telegram.org/bot8293045317:AAHqHL9iNB6es1RRew5Ygg9E7nYqhSCuSo4/getUpdates "HTTP/1.1 200 OK"
2026-03-21 23:18:22,329 | INFO     | httpx | HTTP Request: POST https://api.telegram.org/bot8293045317:AAHqHL9iNB6es1RRew5Ygg9E7nYqhSCuSo4/getUpdates "HTTP/1.1 200 OK"
2026-03-21 23:18:32,484 | INFO     | httpx | HTTP Request: POST https://api.telegram.org/bot8293045317:AAHqHL9iNB6es1RRew5Ygg9E7nYqhSCuSo4/getUpdates "HTTP/1.1 200 OK"
2026-03-21 23:18:42,631 | INFO     | httpx | HTTP Request: POST https://api.telegram.org/bot8293045317:AAHqHL9iNB6es1RRew5Ygg9E7nYqhSCuSo4/getUpdates "HTTP/1.1 200 OK"
2026-03-21 23:18:52,781 | INFO     | httpx | HTTP Request: POST https://api.telegram.org/bot8293045317:AAHqHL9iNB6es1RRew5Ygg9E7nYqhSCuSo4/getUpdates "HTTP/1.1 200 OK"
2026-03-21 23:19:02,918 | INFO     | httpx | HTTP Request: POST https://api.telegram.org/bot8293045317:AAHqHL9iNB6es1RRew5Ygg9E7nYqhSCuSo4/getUpdates "HTTP/1.1 200 OK"
2026-03-21 23:19:13,043 | INFO     | httpx | HTTP Request: POST https://api.telegram.org/bot8293045317:AAHqHL9iNB6es1RRew5Ygg9E7nYqhSCuSo4/getUpdates "HTTP/1.1 200 OK"
2026-03-21 23:19:23,173 | INFO     | httpx | HTTP Request: POST https://api.telegram.org/bot8293045317:AAHqHL9iNB6es1RRew5Ygg9E7nYqhSCuSo4/getUpdates "HTTP/1.1 200 OK"
2026-03-21 23:19:33,293 | INFO     | httpx | HTTP Request: POST https://api.telegram.org/bot8293045317:AAHqHL9iNB6es1RRew5Ygg9E7nYqhSCuSo4/getUpdates "HTTP/1.1 200 OK"
2026-03-21 23:19:43,425 | INFO     | httpx | HTTP Request: POST https://api.telegram.org/bot8293045317:AAHqHL9iNB6es1RRew5Ygg9E7nYqhSCuSo4/getUpdates "HTTP/1.1 200 OK"
2026-03-21 23:19:53,545 | INFO     | httpx | HTTP Request: POST https://api.telegram.org/bot8293045317:AAHqHL9iNB6es1RRew5Ygg9E7nYqhSCuSo4/getUpdates "HTTP/1.1 200 OK"
2026-03-21 23:20:03,669 | INFO     | httpx | HTTP Request: POST https://api.telegram.org/bot8293045317:AAHqHL9iNB6es1RRew5Ygg9E7nYqhSCuSo4/getUpdates "HTTP/1.1 200 OK"
2026-03-21 23:20:13,803 | INFO     | httpx | HTTP Request: POST https://api.telegram.org/bot8293045317:AAHqHL9iNB6es1RRew5Ygg9E7nYqhSCuSo4/getUpdates "HTTP/1.1 200 OK"
2026-03-21 23:20:23,938 | INFO     | httpx | HTTP Request: POST https://api.telegram.org/bot8293045317:AAHqHL9iNB6es1RRew5Ygg9E7nYqhSCuSo4/getUpdates "HTTP/1.1 200 OK"
2026-03-21 23:20:34,071 | INFO     | httpx | HTTP Request: POST https://api.telegram.org/bot8293045317:AAHqHL9iNB6es1RRew5Ygg9E7nYqhSCuSo4/getUpdates "HTTP/1.1 200 OK"
2026-03-21 23:20:44,206 | INFO     | httpx | HTTP Request: POST https://api.telegram.org/bot8293045317:AAHqHL9iNB6es1RRew5Ygg9E7nYqhSCuSo4/getUpdates "HTTP/1.1 200 OK"
2026-03-21 23:20:54,334 | INFO     | httpx | HTTP Request: POST https://api.telegram.org/bot8293045317:AAHqHL9iNB6es1RRew5Ygg9E7nYqhSCuSo4/getUpdates "HTTP/1.1 200 OK"
2026-03-21 23:21:04,465 | INFO     | httpx | HTTP Request: POST https://api.telegram.org/bot8293045317:AAHqHL9iNB6es1RRew5Ygg9E7nYqhSCuSo4/getUpdates "HTTP/1.1 200 OK"
2026-03-21 23:21:14,598 | INFO     | httpx | HTTP Request: POST https://api.telegram.org/bot8293045317:AAHqHL9iNB6es1RRew5Ygg9E7nYqhSCuSo4/getUpdates "HTTP/1.1 200 OK"
2026-03-21 23:21:24,726 | INFO     | httpx | HTTP Request: POST https://api.telegram.org/bot8293045317:AAHqHL9iNB6es1RRew5Ygg9E7nYqhSCuSo4/getUpdates "HTTP/1.1 200 OK"
2026-03-21 23:21:34,849 | INFO     | httpx | HTTP Request: POST https://api.telegram.org/bot8293045317:AAHqHL9iNB6es1RRew5Ygg9E7nYqhSCuSo4/getUpdates "HTTP/1.1 200 OK"
2026-03-21 23:21:44,963 | INFO     | httpx | HTTP Request: POST https://api.telegram.org/bot8293045317:AAHqHL9iNB6es1RRew5Ygg9E7nYqhSCuSo4/getUpdates "HTTP/1.1 200 OK"
2026-03-21 23:21:55,079 | INFO     | httpx | HTTP Request: POST https://api.telegram.org/bot8293045317:AAHqHL9iNB6es1RRew5Ygg9E7nYqhSCuSo4/getUpdates "HTTP/1.1 200 OK"
2026-03-21 23:22:05,198 | INFO     | httpx | HTTP Request: POST https://api.telegram.org/bot8293045317:AAHqHL9iNB6es1RRew5Ygg9E7nYqhSCuSo4/getUpdates "HTTP/1.1 200 OK"
2026-03-21 23:22:15,328 | INFO     | httpx | HTTP Request: POST https://api.telegram.org/bot8293045317:AAHqHL9iNB6es1RRew5Ygg9E7nYqhSCuSo4/getUpdates "HTTP/1.1 200 OK"
2026-03-21 23:22:25,468 | INFO     | httpx | HTTP Request: POST https://api.telegram.org/bot8293045317:AAHqHL9iNB6es1RRew5Ygg9E7nYqhSCuSo4/getUpdates "HTTP/1.1 200 OK"
2026-03-21 23:22:35,597 | INFO     | httpx | HTTP Request: POST https://api.telegram.org/bot8293045317:AAHqHL9iNB6es1RRew5Ygg9E7nYqhSCuSo4/getUpdates "HTTP/1.1 200 OK"
2026-03-21 23:22:45,801 | INFO     | httpx | HTTP Request: POST https://api.telegram.org/bot8293045317:AAHqHL9iNB6es1RRew5Ygg9E7nYqhSCuSo4/getUpdates "HTTP/1.1 200 OK"
2026-03-21 23:22:55,932 | INFO     | httpx | HTTP Request: POST https://api.telegram.org/bot8293045317:AAHqHL9iNB6es1RRew5Ygg9E7nYqhSCuSo4/getUpdates "HTTP/1.1 200 OK"
2026-03-21 23:23:06,051 | INFO     | httpx | HTTP Request: POST https://api.telegram.org/bot8293045317:AAHqHL9iNB6es1RRew5Ygg9E7nYqhSCuSo4/getUpdates "HTTP/1.1 200 OK"
2026-03-21 23:23:16,173 | INFO     | httpx | HTTP Request: POST https://api.telegram.org/bot8293045317:AAHqHL9iNB6es1RRew5Ygg9E7nYqhSCuSo4/getUpdates "HTTP/1.1 200 OK"
2026-03-21 23:23:26,294 | INFO     | httpx | HTTP Request: POST https://api.telegram.org/bot8293045317:AAHqHL9iNB6es1RRew5Ygg9E7nYqhSCuSo4/getUpdates "HTTP/1.1 200 OK"
2026-03-21 23:23:36,434 | INFO     | httpx | HTTP Request: POST https://api.telegram.org/bot8293045317:AAHqHL9iNB6es1RRew5Ygg9E7nYqhSCuSo4/getUpdates "HTTP/1.1 200 OK"
2026-03-21 23:23:46,585 | INFO     | httpx | HTTP Request: POST https://api.telegram.org/bot8293045317:AAHqHL9iNB6es1RRew5Ygg9E7nYqhSCuSo4/getUpdates "HTTP/1.1 200 OK"
2026-03-21 23:23:56,763 | INFO     | httpx | HTTP Request: POST https://api.telegram.org/bot8293045317:AAHqHL9iNB6es1RRew5Ygg9E7nYqhSCuSo4/getUpdates "HTTP/1.1 200 OK"
2026-03-21 23:24:06,900 | INFO     | httpx | HTTP Request: POST https://api.telegram.org/bot8293045317:AAHqHL9iNB6es1RRew5Ygg9E7nYqhSCuSo4/getUpdates "HTTP/1.1 200 OK"
2026-03-21 23:24:17,197 | INFO     | httpx | HTTP Request: POST https://api.telegram.org/bot8293045317:AAHqHL9iNB6es1RRew5Ygg9E7nYqhSCuSo4/getUpdates "HTTP/1.1 200 OK"
2026-03-21 23:24:27,515 | INFO     | httpx | HTTP Request: POST https://api.telegram.org/bot8293045317:AAHqHL9iNB6es1RRew5Ygg9E7nYqhSCuSo4/getUpdates "HTTP/1.1 200 OK"
2026-03-21 23:24:37,651 | INFO     | httpx | HTTP Request: POST https://api.telegram.org/bot8293045317:AAHqHL9iNB6es1RRew5Ygg9E7nYqhSCuSo4/getUpdates "HTTP/1.1 200 OK"
2026-03-21 23:24:47,797 | INFO     | httpx | HTTP Request: POST https://api.telegram.org/bot8293045317:AAHqHL9iNB6es1RRew5Ygg9E7nYqhSCuSo4/getUpdates "HTTP/1.1 200 OK"
2026-03-21 23:24:57,935 | INFO     | httpx | HTTP Request: POST https://api.telegram.org/bot8293045317:AAHqHL9iNB6es1RRew5Ygg9E7nYqhSCuSo4/getUpdates "HTTP/1.1 200 OK"
2026-03-21 23:25:08,068 | INFO     | httpx | HTTP Request: POST https://api.telegram.org/bot8293045317:AAHqHL9iNB6es1RRew5Ygg9E7nYqhSCuSo4/getUpdates "HTTP/1.1 200 OK"
2026-03-21 23:25:18,199 | INFO     | httpx | HTTP Request: POST https://api.telegram.org/bot8293045317:AAHqHL9iNB6es1RRew5Ygg9E7nYqhSCuSo4/getUpdates "HTTP/1.1 200 OK"
2026-03-21 23:25:28,329 | INFO     | httpx | HTTP Request: POST https://api.telegram.org/bot8293045317:AAHqHL9iNB6es1RRew5Ygg9E7nYqhSCuSo4/getUpdates "HTTP/1.1 200 OK"
2026-03-21 23:25:38,477 | INFO     | httpx | HTTP Request: POST https://api.telegram.org/bot8293045317:AAHqHL9iNB6es1RRew5Ygg9E7nYqhSCuSo4/getUpdates "HTTP/1.1 200 OK"
2026-03-21 23:25:48,610 | INFO     | httpx | HTTP Request: POST https://api.telegram.org/bot8293045317:AAHqHL9iNB6es1RRew5Ygg9E7nYqhSCuSo4/getUpdates "HTTP/1.1 200 OK"
2026-03-21 23:25:58,727 | INFO     | httpx | HTTP Request: POST https://api.telegram.org/bot8293045317:AAHqHL9iNB6es1RRew5Ygg9E7nYqhSCuSo4/getUpdates "HTTP/1.1 200 OK"
2026-03-21 23:26:08,866 | INFO     | httpx | HTTP Request: POST https://api.telegram.org/bot8293045317:AAHqHL9iNB6es1RRew5Ygg9E7nYqhSCuSo4/getUpdates "HTTP/1.1 200 OK"
2026-03-21 23:26:19,004 | INFO     | httpx | HTTP Request: POST https://api.telegram.org/bot8293045317:AAHqHL9iNB6es1RRew5Ygg9E7nYqhSCuSo4/getUpdates "HTTP/1.1 200 OK"
2026-03-21 23:26:29,134 | INFO     | httpx | HTTP Request: POST https://api.telegram.org/bot8293045317:AAHqHL9iNB6es1RRew5Ygg9E7nYqhSCuSo4/getUpdates "HTTP/1.1 200 OK"
2026-03-21 23:26:39,289 | INFO     | httpx | HTTP Request: POST https://api.telegram.org/bot8293045317:AAHqHL9iNB6es1RRew5Ygg9E7nYqhSCuSo4/getUpdates "HTTP/1.1 200 OK"
2026-03-21 23:26:49,418 | INFO     | httpx | HTTP Request: POST https://api.telegram.org/bot8293045317:AAHqHL9iNB6es1RRew5Ygg9E7nYqhSCuSo4/getUpdates "HTTP/1.1 200 OK"
2026-03-21 23:26:59,552 | INFO     | httpx | HTTP Request: POST https://api.telegram.org/bot8293045317:AAHqHL9iNB6es1RRew5Ygg9E7nYqhSCuSo4/getUpdates "HTTP/1.1 200 OK"
2026-03-21 23:27:09,677 | INFO     | httpx | HTTP Request: POST https://api.telegram.org/bot8293045317:AAHqHL9iNB6es1RRew5Ygg9E7nYqhSCuSo4/getUpdates "HTTP/1.1 200 OK"
2026-03-21 23:27:19,806 | INFO     | httpx | HTTP Request: POST https://api.telegram.org/bot8293045317:AAHqHL9iNB6es1RRew5Ygg9E7nYqhSCuSo4/getUpdates "HTTP/1.1 200 OK"
2026-03-21 23:27:29,931 | INFO     | httpx | HTTP Request: POST https://api.telegram.org/bot8293045317:AAHqHL9iNB6es1RRew5Ygg9E7nYqhSCuSo4/getUpdates "HTTP/1.1 200 OK"
2026-03-21 23:27:40,041 | INFO     | httpx | HTTP Request: POST https://api.telegram.org/bot8293045317:AAHqHL9iNB6es1RRew5Ygg9E7nYqhSCuSo4/getUpdates "HTTP/1.1 200 OK"
2026-03-21 23:27:50,152 | INFO     | httpx | HTTP Request: POST https://api.telegram.org/bot8293045317:AAHqHL9iNB6es1RRew5Ygg9E7nYqhSCuSo4/getUpdates "HTTP/1.1 200 OK"
2026-03-21 23:28:00,277 | INFO     | httpx | HTTP Request: POST https://api.telegram.org/bot8293045317:AAHqHL9iNB6es1RRew5Ygg9E7nYqhSCuSo4/getUpdates "HTTP/1.1 200 OK"
2026-03-21 23:28:10,401 | INFO     | httpx | HTTP Request: POST https://api.telegram.org/bot8293045317:AAHqHL9iNB6es1RRew5Ygg9E7nYqhSCuSo4/getUpdates "HTTP/1.1 200 OK"
2026-03-21 23:28:20,522 | INFO     | httpx | HTTP Request: POST https://api.telegram.org/bot8293045317:AAHqHL9iNB6es1RRew5Ygg9E7nYqhSCuSo4/getUpdates "HTTP/1.1 200 OK"
2026-03-21 23:28:30,636 | INFO     | httpx | HTTP Request: POST https://api.telegram.org/bot8293045317:AAHqHL9iNB6es1RRew5Ygg9E7nYqhSCuSo4/getUpdates "HTTP/1.1 200 OK"
2026-03-21 23:28:40,749 | INFO     | httpx | HTTP Request: POST https://api.telegram.org/bot8293045317:AAHqHL9iNB6es1RRew5Ygg9E7nYqhSCuSo4/getUpdates "HTTP/1.1 200 OK"
2026-03-21 23:28:50,870 | INFO     | httpx | HTTP Request: POST https://api.telegram.org/bot8293045317:AAHqHL9iNB6es1RRew5Ygg9E7nYqhSCuSo4/getUpdates "HTTP/1.1 200 OK"
2026-03-21 23:29:00,983 | INFO     | httpx | HTTP Request: POST https://api.telegram.org/bot8293045317:AAHqHL9iNB6es1RRew5Ygg9E7nYqhSCuSo4/getUpdates "HTTP/1.1 200 OK"
2026-03-21 23:29:11,104 | INFO     | httpx | HTTP Request: POST https://api.telegram.org/bot8293045317:AAHqHL9iNB6es1RRew5Ygg9E7nYqhSCuSo4/getUpdates "HTTP/1.1 200 OK"
2026-03-21 23:29:21,235 | INFO     | httpx | HTTP Request: POST https://api.telegram.org/bot8293045317:AAHqHL9iNB6es1RRew5Ygg9E7nYqhSCuSo4/getUpdates "HTTP/1.1 200 OK"
2026-03-21 23:29:31,351 | INFO     | httpx | HTTP Request: POST https://api.telegram.org/bot8293045317:AAHqHL9iNB6es1RRew5Ygg9E7nYqhSCuSo4/getUpdates "HTTP/1.1 200 OK"
2026-03-21 23:29:41,464 | INFO     | httpx | HTTP Request: POST https://api.telegram.org/bot8293045317:AAHqHL9iNB6es1RRew5Ygg9E7nYqhSCuSo4/getUpdates "HTTP/1.1 200 OK"
2026-03-21 23:29:51,589 | INFO     | httpx | HTTP Request: POST https://api.telegram.org/bot8293045317:AAHqHL9iNB6es1RRew5Ygg9E7nYqhSCuSo4/getUpdates "HTTP/1.1 200 OK"
2026-03-21 23:30:01,840 | INFO     | httpx | HTTP Request: POST https://api.telegram.org/bot8293045317:AAHqHL9iNB6es1RRew5Ygg9E7nYqhSCuSo4/getUpdates "HTTP/1.1 200 OK"
2026-03-21 23:30:12,064 | INFO     | httpx | HTTP Request: POST https://api.telegram.org/bot8293045317:AAHqHL9iNB6es1RRew5Ygg9E7nYqhSCuSo4/getUpdates "HTTP/1.1 200 OK"
2026-03-21 23:30:22,282 | INFO     | httpx | HTTP Request: POST https://api.telegram.org/bot8293045317:AAHqHL9iNB6es1RRew5Ygg9E7nYqhSCuSo4/getUpdates "HTTP/1.1 200 OK"
2026-03-21 23:30:32,428 | INFO     | httpx | HTTP Request: POST https://api.telegram.org/bot8293045317:AAHqHL9iNB6es1RRew5Ygg9E7nYqhSCuSo4/getUpdates "HTTP/1.1 200 OK"
2026-03-21 23:30:42,566 | INFO     | httpx | HTTP Request: POST https://api.telegram.org/bot8293045317:AAHqHL9iNB6es1RRew5Ygg9E7nYqhSCuSo4/getUpdates "HTTP/1.1 200 OK"
2026-03-21 23:30:52,687 | INFO     | httpx | HTTP Request: POST https://api.telegram.org/bot8293045317:AAHqHL9iNB6es1RRew5Ygg9E7nYqhSCuSo4/getUpdates "HTTP/1.1 200 OK"
2026-03-21 23:31:02,810 | INFO     | httpx | HTTP Request: POST https://api.telegram.org/bot8293045317:AAHqHL9iNB6es1RRew5Ygg9E7nYqhSCuSo4/getUpdates "HTTP/1.1 200 OK"
2026-03-21 23:31:12,947 | INFO     | httpx | HTTP Request: POST https://api.telegram.org/bot8293045317:AAHqHL9iNB6es1RRew5Ygg9E7nYqhSCuSo4/getUpdates "HTTP/1.1 200 OK"
2026-03-21 23:31:23,079 | INFO     | httpx | HTTP Request: POST https://api.telegram.org/bot8293045317:AAHqHL9iNB6es1RRew5Ygg9E7nYqhSCuSo4/getUpdates "HTTP/1.1 200 OK"
2026-03-21 23:31:33,216 | INFO     | httpx | HTTP Request: POST https://api.telegram.org/bot8293045317:AAHqHL9iNB6es1RRew5Ygg9E7nYqhSCuSo4/getUpdates "HTTP/1.1 200 OK"
2026-03-21 23:31:43,394 | INFO     | httpx | HTTP Request: POST https://api.telegram.org/bot8293045317:AAHqHL9iNB6es1RRew5Ygg9E7nYqhSCuSo4/getUpdates "HTTP/1.1 200 OK"
2026-03-21 23:31:48,252 | INFO     | __main__ | 🚀 Бот запущен | Админы: [5352436388] | FREE_TRIALS: 5
2026-03-21 23:31:48,762 | INFO     | httpx | HTTP Request: POST https://api.telegram.org/bot8293045317:AAHqHL9iNB6es1RRew5Ygg9E7nYqhSCuSo4/getMe "HTTP/1.1 200 OK"
2026-03-21 23:31:48,870 | INFO     | httpx | HTTP Request: POST https://api.telegram.org/bot8293045317:AAHqHL9iNB6es1RRew5Ygg9E7nYqhSCuSo4/deleteWebhook "HTTP/1.1 200 OK"
2026-03-21 23:31:48,872 | INFO     | telegram.ext.Application | Application started
2026-03-21 23:31:49,327 | INFO     | httpx | HTTP Request: POST https://api.telegram.org/bot8293045317:AAHqHL9iNB6es1RRew5Ygg9E7nYqhSCuSo4/getUpdates "HTTP/1.1 409 Conflict"
2026-03-21 23:31:49,327 | ERROR    | telegram.ext.Updater | Error while getting Updates: Conflict: terminated by other getUpdates request; make sure that only one bot instance is running
2026-03-21 23:31:49,328 | ERROR    | telegram.ext.Application | No error handlers are registered, logging exception.
Traceback (most recent call last):
  File "C:\Users\User\AppData\Local\Programs\Python\Python311\Lib\site-packages\telegram\ext\_updater.py", line 715, in _network_loop_retry
    if not await action_cb():
           ^^^^^^^^^^^^^^^^^
  File "C:\Users\User\AppData\Local\Programs\Python\Python311\Lib\site-packages\telegram\ext\_updater.py", line 384, in polling_action_cb
    raise exc
  File "C:\Users\User\AppData\Local\Programs\Python\Python311\Lib\site-packages\telegram\ext\_updater.py", line 373, in polling_action_cb
    updates = await self.bot.get_updates(
              ^^^^^^^^^^^^^^^^^^^^^^^^^^^
  File "C:\Users\User\AppData\Local\Programs\Python\Python311\Lib\site-packages\telegram\ext\_extbot.py", line 618, in get_updates
    updates = await super().get_updates(
              ^^^^^^^^^^^^^^^^^^^^^^^^^^
  File "C:\Users\User\AppData\Local\Programs\Python\Python311\Lib\site-packages\telegram\_bot.py", line 542, in decorator
    result = await func(self, *args, **kwargs)
             ^^^^^^^^^^^^^^^^^^^^^^^^^^^^^^^^^
  File "C:\Users\User\AppData\Local\Programs\Python\Python311\Lib\site-packages\telegram\_bot.py", line 4164, in get_updates
    await self._post(
  File "C:\Users\User\AppData\Local\Programs\Python\Python311\Lib\site-packages\telegram\_bot.py", line 630, in _post
    return await self._do_post(
           ^^^^^^^^^^^^^^^^^^^^
  File "C:\Users\User\AppData\Local\Programs\Python\Python311\Lib\site-packages\telegram\ext\_extbot.py", line 347, in _do_post
    return await super()._do_post(
           ^^^^^^^^^^^^^^^^^^^^^^^
  File "C:\Users\User\AppData\Local\Programs\Python\Python311\Lib\site-packages\telegram\_bot.py", line 658, in _do_post
    return await request.post(
           ^^^^^^^^^^^^^^^^^^^
  File "C:\Users\User\AppData\Local\Programs\Python\Python311\Lib\site-packages\telegram\request\_baserequest.py", line 200, in post
    result = await self._request_wrapper(
             ^^^^^^^^^^^^^^^^^^^^^^^^^^^^
  File "C:\Users\User\AppData\Local\Programs\Python\Python311\Lib\site-packages\telegram\request\_baserequest.py", line 381, in _request_wrapper
    raise Conflict(message)
telegram.error.Conflict: Conflict: terminated by other getUpdates request; make sure that only one bot instance is running
2026-03-21 23:31:53,444 | INFO     | httpx | HTTP Request: POST https://api.telegram.org/bot8293045317:AAHqHL9iNB6es1RRew5Ygg9E7nYqhSCuSo4/getUpdates "HTTP/1.1 409 Conflict"
2026-03-21 23:31:53,446 | ERROR    | telegram.ext.Updater | Error while getting Updates: Conflict: terminated by other getUpdates request; make sure that only one bot instance is running
2026-03-21 23:31:53,446 | ERROR    | telegram.ext.Application | No error handlers are registered, logging exception.
Traceback (most recent call last):
  File "D:\Work\Загрузки\files\venv\Lib\site-packages\telegram\ext\_updater.py", line 715, in _network_loop_retry
    if not await action_cb():
           ^^^^^^^^^^^^^^^^^
  File "D:\Work\Загрузки\files\venv\Lib\site-packages\telegram\ext\_updater.py", line 384, in polling_action_cb
    raise exc
  File "D:\Work\Загрузки\files\venv\Lib\site-packages\telegram\ext\_updater.py", line 373, in polling_action_cb
    updates = await self.bot.get_updates(
              ^^^^^^^^^^^^^^^^^^^^^^^^^^^
  File "D:\Work\Загрузки\files\venv\Lib\site-packages\telegram\ext\_extbot.py", line 618, in get_updates
    updates = await super().get_updates(
              ^^^^^^^^^^^^^^^^^^^^^^^^^^
  File "D:\Work\Загрузки\files\venv\Lib\site-packages\telegram\_bot.py", line 542, in decorator
    result = await func(self, *args, **kwargs)
             ^^^^^^^^^^^^^^^^^^^^^^^^^^^^^^^^^
  File "D:\Work\Загрузки\files\venv\Lib\site-packages\telegram\_bot.py", line 4164, in get_updates
    await self._post(
  File "D:\Work\Загрузки\files\venv\Lib\site-packages\telegram\_bot.py", line 630, in _post
    return await self._do_post(
           ^^^^^^^^^^^^^^^^^^^^
  File "D:\Work\Загрузки\files\venv\Lib\site-packages\telegram\ext\_extbot.py", line 347, in _do_post
    return await super()._do_post(
           ^^^^^^^^^^^^^^^^^^^^^^^
  File "D:\Work\Загрузки\files\venv\Lib\site-packages\telegram\_bot.py", line 658, in _do_post
    return await request.post(
           ^^^^^^^^^^^^^^^^^^^
  File "D:\Work\Загрузки\files\venv\Lib\site-packages\telegram\request\_baserequest.py", line 200, in post
    result = await self._request_wrapper(
             ^^^^^^^^^^^^^^^^^^^^^^^^^^^^
  File "D:\Work\Загрузки\files\venv\Lib\site-packages\telegram\request\_baserequest.py", line 381, in _request_wrapper
    raise Conflict(message)
telegram.error.Conflict: Conflict: terminated by other getUpdates request; make sure that only one bot instance is running
2026-03-21 23:31:54,586 | INFO     | httpx | HTTP Request: POST https://api.telegram.org/bot8293045317:AAHqHL9iNB6es1RRew5Ygg9E7nYqhSCuSo4/getUpdates "HTTP/1.1 409 Conflict"
2026-03-21 23:31:54,588 | ERROR    | telegram.ext.Updater | Error while getting Updates: Conflict: terminated by other getUpdates request; make sure that only one bot instance is running
2026-03-21 23:31:54,588 | ERROR    | telegram.ext.Application | No error handlers are registered, logging exception.
Traceback (most recent call last):
  File "C:\Users\User\AppData\Local\Programs\Python\Python311\Lib\site-packages\telegram\ext\_updater.py", line 715, in _network_loop_retry
    if not await action_cb():
           ^^^^^^^^^^^^^^^^^
  File "C:\Users\User\AppData\Local\Programs\Python\Python311\Lib\site-packages\telegram\ext\_updater.py", line 384, in polling_action_cb
    raise exc
  File "C:\Users\User\AppData\Local\Programs\Python\Python311\Lib\site-packages\telegram\ext\_updater.py", line 373, in polling_action_cb
    updates = await self.bot.get_updates(
              ^^^^^^^^^^^^^^^^^^^^^^^^^^^
  File "C:\Users\User\AppData\Local\Programs\Python\Python311\Lib\site-packages\telegram\ext\_extbot.py", line 618, in get_updates
    updates = await super().get_updates(
              ^^^^^^^^^^^^^^^^^^^^^^^^^^
  File "C:\Users\User\AppData\Local\Programs\Python\Python311\Lib\site-packages\telegram\_bot.py", line 542, in decorator
    result = await func(self, *args, **kwargs)
             ^^^^^^^^^^^^^^^^^^^^^^^^^^^^^^^^^
  File "C:\Users\User\AppData\Local\Programs\Python\Python311\Lib\site-packages\telegram\_bot.py", line 4164, in get_updates
    await self._post(
  File "C:\Users\User\AppData\Local\Programs\Python\Python311\Lib\site-packages\telegram\_bot.py", line 630, in _post
    return await self._do_post(
           ^^^^^^^^^^^^^^^^^^^^
  File "C:\Users\User\AppData\Local\Programs\Python\Python311\Lib\site-packages\telegram\ext\_extbot.py", line 347, in _do_post
    return await super()._do_post(
           ^^^^^^^^^^^^^^^^^^^^^^^
  File "C:\Users\User\AppData\Local\Programs\Python\Python311\Lib\site-packages\telegram\_bot.py", line 658, in _do_post
    return await request.post(
           ^^^^^^^^^^^^^^^^^^^
  File "C:\Users\User\AppData\Local\Programs\Python\Python311\Lib\site-packages\telegram\request\_baserequest.py", line 200, in post
    result = await self._request_wrapper(
             ^^^^^^^^^^^^^^^^^^^^^^^^^^^^
  File "C:\Users\User\AppData\Local\Programs\Python\Python311\Lib\site-packages\telegram\request\_baserequest.py", line 381, in _request_wrapper
    raise Conflict(message)
telegram.error.Conflict: Conflict: terminated by other getUpdates request; make sure that only one bot instance is running
2026-03-21 23:31:59,260 | INFO     | httpx | HTTP Request: POST https://api.telegram.org/bot8293045317:AAHqHL9iNB6es1RRew5Ygg9E7nYqhSCuSo4/getUpdates "HTTP/1.1 409 Conflict"
2026-03-21 23:31:59,266 | ERROR    | telegram.ext.Updater | Error while getting Updates: Conflict: terminated by other getUpdates request; make sure that only one bot instance is running
2026-03-21 23:31:59,275 | ERROR    | telegram.ext.Application | No error handlers are registered, logging exception.
Traceback (most recent call last):
  File "D:\Work\Загрузки\files\venv\Lib\site-packages\telegram\ext\_updater.py", line 715, in _network_loop_retry
    if not await action_cb():
           ^^^^^^^^^^^^^^^^^
  File "D:\Work\Загрузки\files\venv\Lib\site-packages\telegram\ext\_updater.py", line 384, in polling_action_cb
    raise exc
  File "D:\Work\Загрузки\files\venv\Lib\site-packages\telegram\ext\_updater.py", line 373, in polling_action_cb
    updates = await self.bot.get_updates(
              ^^^^^^^^^^^^^^^^^^^^^^^^^^^
  File "D:\Work\Загрузки\files\venv\Lib\site-packages\telegram\ext\_extbot.py", line 618, in get_updates
    updates = await super().get_updates(
              ^^^^^^^^^^^^^^^^^^^^^^^^^^
  File "D:\Work\Загрузки\files\venv\Lib\site-packages\telegram\_bot.py", line 542, in decorator
    result = await func(self, *args, **kwargs)
             ^^^^^^^^^^^^^^^^^^^^^^^^^^^^^^^^^
  File "D:\Work\Загрузки\files\venv\Lib\site-packages\telegram\_bot.py", line 4164, in get_updates
    await self._post(
  File "D:\Work\Загрузки\files\venv\Lib\site-packages\telegram\_bot.py", line 630, in _post
    return await self._do_post(
           ^^^^^^^^^^^^^^^^^^^^
  File "D:\Work\Загрузки\files\venv\Lib\site-packages\telegram\ext\_extbot.py", line 347, in _do_post
    return await super()._do_post(
           ^^^^^^^^^^^^^^^^^^^^^^^
  File "D:\Work\Загрузки\files\venv\Lib\site-packages\telegram\_bot.py", line 658, in _do_post
    return await request.post(
           ^^^^^^^^^^^^^^^^^^^
  File "D:\Work\Загрузки\files\venv\Lib\site-packages\telegram\request\_baserequest.py", line 200, in post
    result = await self._request_wrapper(
             ^^^^^^^^^^^^^^^^^^^^^^^^^^^^
  File "D:\Work\Загрузки\files\venv\Lib\site-packages\telegram\request\_baserequest.py", line 381, in _request_wrapper
    raise Conflict(message)
telegram.error.Conflict: Conflict: terminated by other getUpdates request; make sure that only one bot instance is running
2026-03-21 23:32:00,978 | INFO     | httpx | HTTP Request: POST https://api.telegram.org/bot8293045317:AAHqHL9iNB6es1RRew5Ygg9E7nYqhSCuSo4/getUpdates "HTTP/1.1 409 Conflict"
2026-03-21 23:32:00,979 | ERROR    | telegram.ext.Updater | Error while getting Updates: Conflict: terminated by other getUpdates request; make sure that only one bot instance is running
2026-03-21 23:32:00,983 | ERROR    | telegram.ext.Application | No error handlers are registered, logging exception.
Traceback (most recent call last):
  File "C:\Users\User\AppData\Local\Programs\Python\Python311\Lib\site-packages\telegram\ext\_updater.py", line 715, in _network_loop_retry
    if not await action_cb():
           ^^^^^^^^^^^^^^^^^
  File "C:\Users\User\AppData\Local\Programs\Python\Python311\Lib\site-packages\telegram\ext\_updater.py", line 384, in polling_action_cb
    raise exc
  File "C:\Users\User\AppData\Local\Programs\Python\Python311\Lib\site-packages\telegram\ext\_updater.py", line 373, in polling_action_cb
    updates = await self.bot.get_updates(
              ^^^^^^^^^^^^^^^^^^^^^^^^^^^
  File "C:\Users\User\AppData\Local\Programs\Python\Python311\Lib\site-packages\telegram\ext\_extbot.py", line 618, in get_updates
    updates = await super().get_updates(
              ^^^^^^^^^^^^^^^^^^^^^^^^^^
  File "C:\Users\User\AppData\Local\Programs\Python\Python311\Lib\site-packages\telegram\_bot.py", line 542, in decorator
    result = await func(self, *args, **kwargs)
             ^^^^^^^^^^^^^^^^^^^^^^^^^^^^^^^^^
  File "C:\Users\User\AppData\Local\Programs\Python\Python311\Lib\site-packages\telegram\_bot.py", line 4164, in get_updates
    await self._post(
  File "C:\Users\User\AppData\Local\Programs\Python\Python311\Lib\site-packages\telegram\_bot.py", line 630, in _post
    return await self._do_post(
           ^^^^^^^^^^^^^^^^^^^^
  File "C:\Users\User\AppData\Local\Programs\Python\Python311\Lib\site-packages\telegram\ext\_extbot.py", line 347, in _do_post
    return await super()._do_post(
           ^^^^^^^^^^^^^^^^^^^^^^^
  File "C:\Users\User\AppData\Local\Programs\Python\Python311\Lib\site-packages\telegram\_bot.py", line 658, in _do_post
    return await request.post(
           ^^^^^^^^^^^^^^^^^^^
  File "C:\Users\User\AppData\Local\Programs\Python\Python311\Lib\site-packages\telegram\request\_baserequest.py", line 200, in post
    result = await self._request_wrapper(
             ^^^^^^^^^^^^^^^^^^^^^^^^^^^^
  File "C:\Users\User\AppData\Local\Programs\Python\Python311\Lib\site-packages\telegram\request\_baserequest.py", line 381, in _request_wrapper
    raise Conflict(message)
telegram.error.Conflict: Conflict: terminated by other getUpdates request; make sure that only one bot instance is running
2026-03-21 23:32:05,873 | INFO     | httpx | HTTP Request: POST https://api.telegram.org/bot8293045317:AAHqHL9iNB6es1RRew5Ygg9E7nYqhSCuSo4/getUpdates "HTTP/1.1 200 OK"
2026-03-21 23:32:06,403 | INFO     | httpx | HTTP Request: POST https://api.telegram.org/bot8293045317:AAHqHL9iNB6es1RRew5Ygg9E7nYqhSCuSo4/sendMessage "HTTP/1.1 200 OK"
2026-03-21 23:32:06,726 | INFO     | httpx | HTTP Request: POST https://api.telegram.org/bot8293045317:AAHqHL9iNB6es1RRew5Ygg9E7nYqhSCuSo4/getUpdates "HTTP/1.1 409 Conflict"
2026-03-21 23:32:06,727 | ERROR    | telegram.ext.Updater | Error while getting Updates: Conflict: terminated by other getUpdates request; make sure that only one bot instance is running
2026-03-21 23:32:06,727 | ERROR    | telegram.ext.Application | No error handlers are registered, logging exception.
Traceback (most recent call last):
  File "D:\Work\Загрузки\files\venv\Lib\site-packages\telegram\ext\_updater.py", line 715, in _network_loop_retry
    if not await action_cb():
           ^^^^^^^^^^^^^^^^^
  File "D:\Work\Загрузки\files\venv\Lib\site-packages\telegram\ext\_updater.py", line 384, in polling_action_cb
    raise exc
  File "D:\Work\Загрузки\files\venv\Lib\site-packages\telegram\ext\_updater.py", line 373, in polling_action_cb
    updates = await self.bot.get_updates(
              ^^^^^^^^^^^^^^^^^^^^^^^^^^^
  File "D:\Work\Загрузки\files\venv\Lib\site-packages\telegram\ext\_extbot.py", line 618, in get_updates
    updates = await super().get_updates(
              ^^^^^^^^^^^^^^^^^^^^^^^^^^
  File "D:\Work\Загрузки\files\venv\Lib\site-packages\telegram\_bot.py", line 542, in decorator
    result = await func(self, *args, **kwargs)
             ^^^^^^^^^^^^^^^^^^^^^^^^^^^^^^^^^
  File "D:\Work\Загрузки\files\venv\Lib\site-packages\telegram\_bot.py", line 4164, in get_updates
    await self._post(
  File "D:\Work\Загрузки\files\venv\Lib\site-packages\telegram\_bot.py", line 630, in _post
    return await self._do_post(
           ^^^^^^^^^^^^^^^^^^^^
  File "D:\Work\Загрузки\files\venv\Lib\site-packages\telegram\ext\_extbot.py", line 347, in _do_post
    return await super()._do_post(
           ^^^^^^^^^^^^^^^^^^^^^^^
  File "D:\Work\Загрузки\files\venv\Lib\site-packages\telegram\_bot.py", line 658, in _do_post
    return await request.post(
           ^^^^^^^^^^^^^^^^^^^
  File "D:\Work\Загрузки\files\venv\Lib\site-packages\telegram\request\_baserequest.py", line 200, in post
    result = await self._request_wrapper(
             ^^^^^^^^^^^^^^^^^^^^^^^^^^^^
  File "D:\Work\Загрузки\files\venv\Lib\site-packages\telegram\request\_baserequest.py", line 381, in _request_wrapper
    raise Conflict(message)
telegram.error.Conflict: Conflict: terminated by other getUpdates request; make sure that only one bot instance is running
2026-03-21 23:32:09,105 | INFO     | httpx | HTTP Request: POST https://api.telegram.org/bot8293045317:AAHqHL9iNB6es1RRew5Ygg9E7nYqhSCuSo4/getUpdates "HTTP/1.1 409 Conflict"
2026-03-21 23:32:09,106 | ERROR    | telegram.ext.Updater | Error while getting Updates: Conflict: terminated by other getUpdates request; make sure that only one bot instance is running
2026-03-21 23:32:09,107 | ERROR    | telegram.ext.Application | No error handlers are registered, logging exception.
Traceback (most recent call last):
  File "C:\Users\User\AppData\Local\Programs\Python\Python311\Lib\site-packages\telegram\ext\_updater.py", line 715, in _network_loop_retry
    if not await action_cb():
           ^^^^^^^^^^^^^^^^^
  File "C:\Users\User\AppData\Local\Programs\Python\Python311\Lib\site-packages\telegram\ext\_updater.py", line 384, in polling_action_cb
    raise exc
  File "C:\Users\User\AppData\Local\Programs\Python\Python311\Lib\site-packages\telegram\ext\_updater.py", line 373, in polling_action_cb
    updates = await self.bot.get_updates(
              ^^^^^^^^^^^^^^^^^^^^^^^^^^^
  File "C:\Users\User\AppData\Local\Programs\Python\Python311\Lib\site-packages\telegram\ext\_extbot.py", line 618, in get_updates
    updates = await super().get_updates(
              ^^^^^^^^^^^^^^^^^^^^^^^^^^
  File "C:\Users\User\AppData\Local\Programs\Python\Python311\Lib\site-packages\telegram\_bot.py", line 542, in decorator
    result = await func(self, *args, **kwargs)
             ^^^^^^^^^^^^^^^^^^^^^^^^^^^^^^^^^
  File "C:\Users\User\AppData\Local\Programs\Python\Python311\Lib\site-packages\telegram\_bot.py", line 4164, in get_updates
    await self._post(
  File "C:\Users\User\AppData\Local\Programs\Python\Python311\Lib\site-packages\telegram\_bot.py", line 630, in _post
    return await self._do_post(
           ^^^^^^^^^^^^^^^^^^^^
  File "C:\Users\User\AppData\Local\Programs\Python\Python311\Lib\site-packages\telegram\ext\_extbot.py", line 347, in _do_post
    return await super()._do_post(
           ^^^^^^^^^^^^^^^^^^^^^^^
  File "C:\Users\User\AppData\Local\Programs\Python\Python311\Lib\site-packages\telegram\_bot.py", line 658, in _do_post
    return await request.post(
           ^^^^^^^^^^^^^^^^^^^
  File "C:\Users\User\AppData\Local\Programs\Python\Python311\Lib\site-packages\telegram\request\_baserequest.py", line 200, in post
    result = await self._request_wrapper(
             ^^^^^^^^^^^^^^^^^^^^^^^^^^^^
  File "C:\Users\User\AppData\Local\Programs\Python\Python311\Lib\site-packages\telegram\request\_baserequest.py", line 381, in _request_wrapper
    raise Conflict(message)
telegram.error.Conflict: Conflict: terminated by other getUpdates request; make sure that only one bot instance is running
2026-03-21 23:32:13,046 | INFO     | httpx | HTTP Request: POST https://api.telegram.org/bot8293045317:AAHqHL9iNB6es1RRew5Ygg9E7nYqhSCuSo4/getUpdates "HTTP/1.1 200 OK"
2026-03-21 23:32:13,237 | INFO     | httpx | HTTP Request: POST https://api.telegram.org/bot8293045317:AAHqHL9iNB6es1RRew5Ygg9E7nYqhSCuSo4/getUpdates "HTTP/1.1 409 Conflict"
2026-03-21 23:32:13,238 | ERROR    | telegram.ext.Updater | Error while getting Updates: Conflict: terminated by other getUpdates request; make sure that only one bot instance is running
2026-03-21 23:32:13,238 | ERROR    | telegram.ext.Application | No error handlers are registered, logging exception.
Traceback (most recent call last):
  File "D:\Work\Загрузки\files\venv\Lib\site-packages\telegram\ext\_updater.py", line 715, in _network_loop_retry
    if not await action_cb():
           ^^^^^^^^^^^^^^^^^
  File "D:\Work\Загрузки\files\venv\Lib\site-packages\telegram\ext\_updater.py", line 384, in polling_action_cb
    raise exc
  File "D:\Work\Загрузки\files\venv\Lib\site-packages\telegram\ext\_updater.py", line 373, in polling_action_cb
    updates = await self.bot.get_updates(
              ^^^^^^^^^^^^^^^^^^^^^^^^^^^
  File "D:\Work\Загрузки\files\venv\Lib\site-packages\telegram\ext\_extbot.py", line 618, in get_updates
    updates = await super().get_updates(
              ^^^^^^^^^^^^^^^^^^^^^^^^^^
  File "D:\Work\Загрузки\files\venv\Lib\site-packages\telegram\_bot.py", line 542, in decorator
    result = await func(self, *args, **kwargs)
             ^^^^^^^^^^^^^^^^^^^^^^^^^^^^^^^^^
  File "D:\Work\Загрузки\files\venv\Lib\site-packages\telegram\_bot.py", line 4164, in get_updates
    await self._post(
  File "D:\Work\Загрузки\files\venv\Lib\site-packages\telegram\_bot.py", line 630, in _post
    return await self._do_post(
           ^^^^^^^^^^^^^^^^^^^^
  File "D:\Work\Загрузки\files\venv\Lib\site-packages\telegram\ext\_extbot.py", line 347, in _do_post
    return await super()._do_post(
           ^^^^^^^^^^^^^^^^^^^^^^^
  File "D:\Work\Загрузки\files\venv\Lib\site-packages\telegram\_bot.py", line 658, in _do_post
    return await request.post(
           ^^^^^^^^^^^^^^^^^^^
  File "D:\Work\Загрузки\files\venv\Lib\site-packages\telegram\request\_baserequest.py", line 200, in post
    result = await self._request_wrapper(
             ^^^^^^^^^^^^^^^^^^^^^^^^^^^^
  File "D:\Work\Загрузки\files\venv\Lib\site-packages\telegram\request\_baserequest.py", line 381, in _request_wrapper
    raise Conflict(message)
telegram.error.Conflict: Conflict: terminated by other getUpdates request; make sure that only one bot instance is running
2026-03-21 23:32:13,508 | INFO     | httpx | HTTP Request: POST https://api.telegram.org/bot8293045317:AAHqHL9iNB6es1RRew5Ygg9E7nYqhSCuSo4/answerCallbackQuery "HTTP/1.1 200 OK"
2026-03-21 23:32:13,657 | INFO     | httpx | HTTP Request: POST https://api.telegram.org/bot8293045317:AAHqHL9iNB6es1RRew5Ygg9E7nYqhSCuSo4/editMessageText "HTTP/1.1 200 OK"
2026-03-21 23:32:15,809 | INFO     | httpx | HTTP Request: POST https://api.telegram.org/bot8293045317:AAHqHL9iNB6es1RRew5Ygg9E7nYqhSCuSo4/getUpdates "HTTP/1.1 200 OK"
2026-03-21 23:32:15,942 | INFO     | httpx | HTTP Request: POST https://api.telegram.org/bot8293045317:AAHqHL9iNB6es1RRew5Ygg9E7nYqhSCuSo4/answerCallbackQuery "HTTP/1.1 200 OK"
2026-03-21 23:32:16,087 | INFO     | httpx | HTTP Request: POST https://api.telegram.org/bot8293045317:AAHqHL9iNB6es1RRew5Ygg9E7nYqhSCuSo4/sendInvoice "HTTP/1.1 200 OK"
2026-03-21 23:32:16,225 | INFO     | httpx | HTTP Request: POST https://api.telegram.org/bot8293045317:AAHqHL9iNB6es1RRew5Ygg9E7nYqhSCuSo4/editMessageText "HTTP/1.1 200 OK"
2026-03-21 23:32:16,739 | INFO     | httpx | HTTP Request: POST https://api.telegram.org/bot8293045317:AAHqHL9iNB6es1RRew5Ygg9E7nYqhSCuSo4/getUpdates "HTTP/1.1 409 Conflict"
2026-03-21 23:32:16,740 | ERROR    | telegram.ext.Updater | Error while getting Updates: Conflict: terminated by other getUpdates request; make sure that only one bot instance is running
2026-03-21 23:32:16,741 | ERROR    | telegram.ext.Application | No error handlers are registered, logging exception.
Traceback (most recent call last):
  File "C:\Users\User\AppData\Local\Programs\Python\Python311\Lib\site-packages\telegram\ext\_updater.py", line 715, in _network_loop_retry
    if not await action_cb():
           ^^^^^^^^^^^^^^^^^
  File "C:\Users\User\AppData\Local\Programs\Python\Python311\Lib\site-packages\telegram\ext\_updater.py", line 384, in polling_action_cb
    raise exc
  File "C:\Users\User\AppData\Local\Programs\Python\Python311\Lib\site-packages\telegram\ext\_updater.py", line 373, in polling_action_cb
    updates = await self.bot.get_updates(
              ^^^^^^^^^^^^^^^^^^^^^^^^^^^
  File "C:\Users\User\AppData\Local\Programs\Python\Python311\Lib\site-packages\telegram\ext\_extbot.py", line 618, in get_updates
    updates = await super().get_updates(
              ^^^^^^^^^^^^^^^^^^^^^^^^^^
  File "C:\Users\User\AppData\Local\Programs\Python\Python311\Lib\site-packages\telegram\_bot.py", line 542, in decorator
    result = await func(self, *args, **kwargs)
             ^^^^^^^^^^^^^^^^^^^^^^^^^^^^^^^^^
  File "C:\Users\User\AppData\Local\Programs\Python\Python311\Lib\site-packages\telegram\_bot.py", line 4164, in get_updates
    await self._post(
  File "C:\Users\User\AppData\Local\Programs\Python\Python311\Lib\site-packages\telegram\_bot.py", line 630, in _post
    return await self._do_post(
           ^^^^^^^^^^^^^^^^^^^^
  File "C:\Users\User\AppData\Local\Programs\Python\Python311\Lib\site-packages\telegram\ext\_extbot.py", line 347, in _do_post
    return await super()._do_post(
           ^^^^^^^^^^^^^^^^^^^^^^^
  File "C:\Users\User\AppData\Local\Programs\Python\Python311\Lib\site-packages\telegram\_bot.py", line 658, in _do_post
    return await request.post(
           ^^^^^^^^^^^^^^^^^^^
  File "C:\Users\User\AppData\Local\Programs\Python\Python311\Lib\site-packages\telegram\request\_baserequest.py", line 200, in post
    result = await self._request_wrapper(
             ^^^^^^^^^^^^^^^^^^^^^^^^^^^^
  File "C:\Users\User\AppData\Local\Programs\Python\Python311\Lib\site-packages\telegram\request\_baserequest.py", line 381, in _request_wrapper
    raise Conflict(message)
telegram.error.Conflict: Conflict: terminated by other getUpdates request; make sure that only one bot instance is running
2026-03-21 23:32:18,404 | INFO     | httpx | HTTP Request: POST https://api.telegram.org/bot8293045317:AAHqHL9iNB6es1RRew5Ygg9E7nYqhSCuSo4/getUpdates "HTTP/1.1 200 OK"
2026-03-21 23:32:18,579 | INFO     | httpx | HTTP Request: POST https://api.telegram.org/bot8293045317:AAHqHL9iNB6es1RRew5Ygg9E7nYqhSCuSo4/sendMessage "HTTP/1.1 200 OK"
2026-03-21 23:32:19,945 | INFO     | httpx | HTTP Request: POST https://api.telegram.org/bot8293045317:AAHqHL9iNB6es1RRew5Ygg9E7nYqhSCuSo4/getUpdates "HTTP/1.1 200 OK"
2026-03-21 23:32:20,088 | INFO     | httpx | HTTP Request: POST https://api.telegram.org/bot8293045317:AAHqHL9iNB6es1RRew5Ygg9E7nYqhSCuSo4/answerCallbackQuery "HTTP/1.1 200 OK"
2026-03-21 23:32:20,236 | INFO     | httpx | HTTP Request: POST https://api.telegram.org/bot8293045317:AAHqHL9iNB6es1RRew5Ygg9E7nYqhSCuSo4/editMessageText "HTTP/1.1 200 OK"
2026-03-21 23:32:20,875 | INFO     | httpx | HTTP Request: POST https://api.telegram.org/bot8293045317:AAHqHL9iNB6es1RRew5Ygg9E7nYqhSCuSo4/getUpdates "HTTP/1.1 409 Conflict"
2026-03-21 23:32:20,876 | ERROR    | telegram.ext.Updater | Error while getting Updates: Conflict: terminated by other getUpdates request; make sure that only one bot instance is running
2026-03-21 23:32:20,876 | ERROR    | telegram.ext.Application | No error handlers are registered, logging exception.
Traceback (most recent call last):
  File "D:\Work\Загрузки\files\venv\Lib\site-packages\telegram\ext\_updater.py", line 715, in _network_loop_retry
    if not await action_cb():
           ^^^^^^^^^^^^^^^^^
  File "D:\Work\Загрузки\files\venv\Lib\site-packages\telegram\ext\_updater.py", line 384, in polling_action_cb
    raise exc
  File "D:\Work\Загрузки\files\venv\Lib\site-packages\telegram\ext\_updater.py", line 373, in polling_action_cb
    updates = await self.bot.get_updates(
              ^^^^^^^^^^^^^^^^^^^^^^^^^^^
  File "D:\Work\Загрузки\files\venv\Lib\site-packages\telegram\ext\_extbot.py", line 618, in get_updates
    updates = await super().get_updates(
              ^^^^^^^^^^^^^^^^^^^^^^^^^^
  File "D:\Work\Загрузки\files\venv\Lib\site-packages\telegram\_bot.py", line 542, in decorator
    result = await func(self, *args, **kwargs)
             ^^^^^^^^^^^^^^^^^^^^^^^^^^^^^^^^^
  File "D:\Work\Загрузки\files\venv\Lib\site-packages\telegram\_bot.py", line 4164, in get_updates
    await self._post(
  File "D:\Work\Загрузки\files\venv\Lib\site-packages\telegram\_bot.py", line 630, in _post
    return await self._do_post(
           ^^^^^^^^^^^^^^^^^^^^
  File "D:\Work\Загрузки\files\venv\Lib\site-packages\telegram\ext\_extbot.py", line 347, in _do_post
    return await super()._do_post(
           ^^^^^^^^^^^^^^^^^^^^^^^
  File "D:\Work\Загрузки\files\venv\Lib\site-packages\telegram\_bot.py", line 658, in _do_post
    return await request.post(
           ^^^^^^^^^^^^^^^^^^^
  File "D:\Work\Загрузки\files\venv\Lib\site-packages\telegram\request\_baserequest.py", line 200, in post
    result = await self._request_wrapper(
             ^^^^^^^^^^^^^^^^^^^^^^^^^^^^
  File "D:\Work\Загрузки\files\venv\Lib\site-packages\telegram\request\_baserequest.py", line 381, in _request_wrapper
    raise Conflict(message)
telegram.error.Conflict: Conflict: terminated by other getUpdates request; make sure that only one bot instance is running
2026-03-21 23:32:21,108 | INFO     | httpx | HTTP Request: POST https://api.telegram.org/bot8293045317:AAHqHL9iNB6es1RRew5Ygg9E7nYqhSCuSo4/getUpdates "HTTP/1.1 200 OK"
2026-03-21 23:32:21,244 | INFO     | httpx | HTTP Request: POST https://api.telegram.org/bot8293045317:AAHqHL9iNB6es1RRew5Ygg9E7nYqhSCuSo4/answerCallbackQuery "HTTP/1.1 200 OK"
2026-03-21 23:32:21,451 | INFO     | httpx | HTTP Request: POST https://api.telegram.org/bot8293045317:AAHqHL9iNB6es1RRew5Ygg9E7nYqhSCuSo4/editMessageText "HTTP/1.1 200 OK"
2026-03-21 23:32:22,571 | INFO     | httpx | HTTP Request: POST https://api.telegram.org/bot8293045317:AAHqHL9iNB6es1RRew5Ygg9E7nYqhSCuSo4/getUpdates "HTTP/1.1 200 OK"
2026-03-21 23:32:22,740 | INFO     | httpx | HTTP Request: POST https://api.telegram.org/bot8293045317:AAHqHL9iNB6es1RRew5Ygg9E7nYqhSCuSo4/answerCallbackQuery "HTTP/1.1 200 OK"
2026-03-21 23:32:22,895 | INFO     | httpx | HTTP Request: POST https://api.telegram.org/bot8293045317:AAHqHL9iNB6es1RRew5Ygg9E7nYqhSCuSo4/editMessageText "HTTP/1.1 200 OK"
2026-03-21 23:32:24,170 | INFO     | httpx | HTTP Request: POST https://api.telegram.org/bot8293045317:AAHqHL9iNB6es1RRew5Ygg9E7nYqhSCuSo4/getUpdates "HTTP/1.1 200 OK"
2026-03-21 23:32:24,309 | INFO     | httpx | HTTP Request: POST https://api.telegram.org/bot8293045317:AAHqHL9iNB6es1RRew5Ygg9E7nYqhSCuSo4/answerCallbackQuery "HTTP/1.1 200 OK"
2026-03-21 23:32:24,460 | INFO     | httpx | HTTP Request: POST https://api.telegram.org/bot8293045317:AAHqHL9iNB6es1RRew5Ygg9E7nYqhSCuSo4/editMessageText "HTTP/1.1 200 OK"
2026-03-21 23:32:26,416 | INFO     | httpx | HTTP Request: POST https://api.telegram.org/bot8293045317:AAHqHL9iNB6es1RRew5Ygg9E7nYqhSCuSo4/getUpdates "HTTP/1.1 409 Conflict"
2026-03-21 23:32:26,418 | ERROR    | telegram.ext.Updater | Error while getting Updates: Conflict: terminated by other getUpdates request; make sure that only one bot instance is running
2026-03-21 23:32:26,418 | ERROR    | telegram.ext.Application | No error handlers are registered, logging exception.
Traceback (most recent call last):
  File "C:\Users\User\AppData\Local\Programs\Python\Python311\Lib\site-packages\telegram\ext\_updater.py", line 715, in _network_loop_retry
    if not await action_cb():
           ^^^^^^^^^^^^^^^^^
  File "C:\Users\User\AppData\Local\Programs\Python\Python311\Lib\site-packages\telegram\ext\_updater.py", line 384, in polling_action_cb
    raise exc
  File "C:\Users\User\AppData\Local\Programs\Python\Python311\Lib\site-packages\telegram\ext\_updater.py", line 373, in polling_action_cb
    updates = await self.bot.get_updates(
              ^^^^^^^^^^^^^^^^^^^^^^^^^^^
  File "C:\Users\User\AppData\Local\Programs\Python\Python311\Lib\site-packages\telegram\ext\_extbot.py", line 618, in get_updates
    updates = await super().get_updates(
              ^^^^^^^^^^^^^^^^^^^^^^^^^^
  File "C:\Users\User\AppData\Local\Programs\Python\Python311\Lib\site-packages\telegram\_bot.py", line 542, in decorator
    result = await func(self, *args, **kwargs)
             ^^^^^^^^^^^^^^^^^^^^^^^^^^^^^^^^^
  File "C:\Users\User\AppData\Local\Programs\Python\Python311\Lib\site-packages\telegram\_bot.py", line 4164, in get_updates
    await self._post(
  File "C:\Users\User\AppData\Local\Programs\Python\Python311\Lib\site-packages\telegram\_bot.py", line 630, in _post
    return await self._do_post(
           ^^^^^^^^^^^^^^^^^^^^
  File "C:\Users\User\AppData\Local\Programs\Python\Python311\Lib\site-packages\telegram\ext\_extbot.py", line 347, in _do_post
    return await super()._do_post(
           ^^^^^^^^^^^^^^^^^^^^^^^
  File "C:\Users\User\AppData\Local\Programs\Python\Python311\Lib\site-packages\telegram\_bot.py", line 658, in _do_post
    return await request.post(
           ^^^^^^^^^^^^^^^^^^^
  File "C:\Users\User\AppData\Local\Programs\Python\Python311\Lib\site-packages\telegram\request\_baserequest.py", line 200, in post
    result = await self._request_wrapper(
             ^^^^^^^^^^^^^^^^^^^^^^^^^^^^
  File "C:\Users\User\AppData\Local\Programs\Python\Python311\Lib\site-packages\telegram\request\_baserequest.py", line 381, in _request_wrapper
    raise Conflict(message)
telegram.error.Conflict: Conflict: terminated by other getUpdates request; make sure that only one bot instance is running
2026-03-21 23:32:28,528 | INFO     | httpx | HTTP Request: POST https://api.telegram.org/bot8293045317:AAHqHL9iNB6es1RRew5Ygg9E7nYqhSCuSo4/getUpdates "HTTP/1.1 200 OK"
2026-03-21 23:32:28,726 | INFO     | httpx | HTTP Request: POST https://api.telegram.org/bot8293045317:AAHqHL9iNB6es1RRew5Ygg9E7nYqhSCuSo4/sendMessage "HTTP/1.1 200 OK"
2026-03-21 23:32:30,549 | INFO     | httpx | HTTP Request: POST https://api.telegram.org/bot8293045317:AAHqHL9iNB6es1RRew5Ygg9E7nYqhSCuSo4/getUpdates "HTTP/1.1 409 Conflict"
2026-03-21 23:32:30,550 | ERROR    | telegram.ext.Updater | Error while getting Updates: Conflict: terminated by other getUpdates request; make sure that only one bot instance is running
2026-03-21 23:32:30,551 | ERROR    | telegram.ext.Application | No error handlers are registered, logging exception.
Traceback (most recent call last):
  File "D:\Work\Загрузки\files\venv\Lib\site-packages\telegram\ext\_updater.py", line 715, in _network_loop_retry
    if not await action_cb():
           ^^^^^^^^^^^^^^^^^
  File "D:\Work\Загрузки\files\venv\Lib\site-packages\telegram\ext\_updater.py", line 384, in polling_action_cb
    raise exc
  File "D:\Work\Загрузки\files\venv\Lib\site-packages\telegram\ext\_updater.py", line 373, in polling_action_cb
    updates = await self.bot.get_updates(
              ^^^^^^^^^^^^^^^^^^^^^^^^^^^
  File "D:\Work\Загрузки\files\venv\Lib\site-packages\telegram\ext\_extbot.py", line 618, in get_updates
    updates = await super().get_updates(
              ^^^^^^^^^^^^^^^^^^^^^^^^^^
  File "D:\Work\Загрузки\files\venv\Lib\site-packages\telegram\_bot.py", line 542, in decorator
    result = await func(self, *args, **kwargs)
             ^^^^^^^^^^^^^^^^^^^^^^^^^^^^^^^^^
  File "D:\Work\Загрузки\files\venv\Lib\site-packages\telegram\_bot.py", line 4164, in get_updates
    await self._post(
  File "D:\Work\Загрузки\files\venv\Lib\site-packages\telegram\_bot.py", line 630, in _post
    return await self._do_post(
           ^^^^^^^^^^^^^^^^^^^^
  File "D:\Work\Загрузки\files\venv\Lib\site-packages\telegram\ext\_extbot.py", line 347, in _do_post
    return await super()._do_post(
           ^^^^^^^^^^^^^^^^^^^^^^^
  File "D:\Work\Загрузки\files\venv\Lib\site-packages\telegram\_bot.py", line 658, in _do_post
    return await request.post(
           ^^^^^^^^^^^^^^^^^^^
  File "D:\Work\Загрузки\files\venv\Lib\site-packages\telegram\request\_baserequest.py", line 200, in post
    result = await self._request_wrapper(
             ^^^^^^^^^^^^^^^^^^^^^^^^^^^^
  File "D:\Work\Загрузки\files\venv\Lib\site-packages\telegram\request\_baserequest.py", line 381, in _request_wrapper
    raise Conflict(message)
telegram.error.Conflict: Conflict: terminated by other getUpdates request; make sure that only one bot instance is running
2026-03-21 23:32:38,604 | INFO     | httpx | HTTP Request: POST https://api.telegram.org/bot8293045317:AAHqHL9iNB6es1RRew5Ygg9E7nYqhSCuSo4/getUpdates "HTTP/1.1 409 Conflict"
2026-03-21 23:32:38,604 | ERROR    | telegram.ext.Updater | Error while getting Updates: Conflict: terminated by other getUpdates request; make sure that only one bot instance is running
2026-03-21 23:32:38,604 | ERROR    | telegram.ext.Application | No error handlers are registered, logging exception.
Traceback (most recent call last):
  File "C:\Users\User\AppData\Local\Programs\Python\Python311\Lib\site-packages\telegram\ext\_updater.py", line 715, in _network_loop_retry
    if not await action_cb():
           ^^^^^^^^^^^^^^^^^
  File "C:\Users\User\AppData\Local\Programs\Python\Python311\Lib\site-packages\telegram\ext\_updater.py", line 384, in polling_action_cb
    raise exc
  File "C:\Users\User\AppData\Local\Programs\Python\Python311\Lib\site-packages\telegram\ext\_updater.py", line 373, in polling_action_cb
    updates = await self.bot.get_updates(
              ^^^^^^^^^^^^^^^^^^^^^^^^^^^
  File "C:\Users\User\AppData\Local\Programs\Python\Python311\Lib\site-packages\telegram\ext\_extbot.py", line 618, in get_updates
    updates = await super().get_updates(
              ^^^^^^^^^^^^^^^^^^^^^^^^^^
  File "C:\Users\User\AppData\Local\Programs\Python\Python311\Lib\site-packages\telegram\_bot.py", line 542, in decorator
    result = await func(self, *args, **kwargs)
             ^^^^^^^^^^^^^^^^^^^^^^^^^^^^^^^^^
  File "C:\Users\User\AppData\Local\Programs\Python\Python311\Lib\site-packages\telegram\_bot.py", line 4164, in get_updates
    await self._post(
  File "C:\Users\User\AppData\Local\Programs\Python\Python311\Lib\site-packages\telegram\_bot.py", line 630, in _post
    return await self._do_post(
           ^^^^^^^^^^^^^^^^^^^^
  File "C:\Users\User\AppData\Local\Programs\Python\Python311\Lib\site-packages\telegram\ext\_extbot.py", line 347, in _do_post
    return await super()._do_post(
           ^^^^^^^^^^^^^^^^^^^^^^^
  File "C:\Users\User\AppData\Local\Programs\Python\Python311\Lib\site-packages\telegram\_bot.py", line 658, in _do_post
    return await request.post(
           ^^^^^^^^^^^^^^^^^^^
  File "C:\Users\User\AppData\Local\Programs\Python\Python311\Lib\site-packages\telegram\request\_baserequest.py", line 200, in post
    result = await self._request_wrapper(
             ^^^^^^^^^^^^^^^^^^^^^^^^^^^^
  File "C:\Users\User\AppData\Local\Programs\Python\Python311\Lib\site-packages\telegram\request\_baserequest.py", line 381, in _request_wrapper
    raise Conflict(message)
telegram.error.Conflict: Conflict: terminated by other getUpdates request; make sure that only one bot instance is running
2026-03-21 23:32:42,727 | INFO     | httpx | HTTP Request: POST https://api.telegram.org/bot8293045317:AAHqHL9iNB6es1RRew5Ygg9E7nYqhSCuSo4/getUpdates "HTTP/1.1 409 Conflict"
2026-03-21 23:32:42,727 | ERROR    | telegram.ext.Updater | Error while getting Updates: Conflict: terminated by other getUpdates request; make sure that only one bot instance is running
2026-03-21 23:32:42,729 | ERROR    | telegram.ext.Application | No error handlers are registered, logging exception.
Traceback (most recent call last):
  File "D:\Work\Загрузки\files\venv\Lib\site-packages\telegram\ext\_updater.py", line 715, in _network_loop_retry
    if not await action_cb():
           ^^^^^^^^^^^^^^^^^
  File "D:\Work\Загрузки\files\venv\Lib\site-packages\telegram\ext\_updater.py", line 384, in polling_action_cb
    raise exc
  File "D:\Work\Загрузки\files\venv\Lib\site-packages\telegram\ext\_updater.py", line 373, in polling_action_cb
    updates = await self.bot.get_updates(
              ^^^^^^^^^^^^^^^^^^^^^^^^^^^
  File "D:\Work\Загрузки\files\venv\Lib\site-packages\telegram\ext\_extbot.py", line 618, in get_updates
    updates = await super().get_updates(
              ^^^^^^^^^^^^^^^^^^^^^^^^^^
  File "D:\Work\Загрузки\files\venv\Lib\site-packages\telegram\_bot.py", line 542, in decorator
    result = await func(self, *args, **kwargs)
             ^^^^^^^^^^^^^^^^^^^^^^^^^^^^^^^^^
  File "D:\Work\Загрузки\files\venv\Lib\site-packages\telegram\_bot.py", line 4164, in get_updates
    await self._post(
  File "D:\Work\Загрузки\files\venv\Lib\site-packages\telegram\_bot.py", line 630, in _post
    return await self._do_post(
           ^^^^^^^^^^^^^^^^^^^^
  File "D:\Work\Загрузки\files\venv\Lib\site-packages\telegram\ext\_extbot.py", line 347, in _do_post
    return await super()._do_post(
           ^^^^^^^^^^^^^^^^^^^^^^^
  File "D:\Work\Загрузки\files\venv\Lib\site-packages\telegram\_bot.py", line 658, in _do_post
    return await request.post(
           ^^^^^^^^^^^^^^^^^^^
  File "D:\Work\Загрузки\files\venv\Lib\site-packages\telegram\request\_baserequest.py", line 200, in post
    result = await self._request_wrapper(
             ^^^^^^^^^^^^^^^^^^^^^^^^^^^^
  File "D:\Work\Загрузки\files\venv\Lib\site-packages\telegram\request\_baserequest.py", line 381, in _request_wrapper
    raise Conflict(message)
telegram.error.Conflict: Conflict: terminated by other getUpdates request; make sure that only one bot instance is running
2026-03-21 23:32:49,727 | INFO     | httpx | HTTP Request: POST https://api.telegram.org/bot8293045317:AAHqHL9iNB6es1RRew5Ygg9E7nYqhSCuSo4/getUpdates "HTTP/1.1 200 OK"
2026-03-21 23:32:54,571 | INFO     | httpx | HTTP Request: POST https://api.telegram.org/bot8293045317:AAHqHL9iNB6es1RRew5Ygg9E7nYqhSCuSo4/getUpdates "HTTP/1.1 409 Conflict"
2026-03-21 23:32:54,573 | ERROR    | telegram.ext.Updater | Error while getting Updates: Conflict: terminated by other getUpdates request; make sure that only one bot instance is running
2026-03-21 23:32:54,573 | ERROR    | telegram.ext.Application | No error handlers are registered, logging exception.
Traceback (most recent call last):
  File "C:\Users\User\AppData\Local\Programs\Python\Python311\Lib\site-packages\telegram\ext\_updater.py", line 715, in _network_loop_retry
    if not await action_cb():
           ^^^^^^^^^^^^^^^^^
  File "C:\Users\User\AppData\Local\Programs\Python\Python311\Lib\site-packages\telegram\ext\_updater.py", line 384, in polling_action_cb
    raise exc
  File "C:\Users\User\AppData\Local\Programs\Python\Python311\Lib\site-packages\telegram\ext\_updater.py", line 373, in polling_action_cb
    updates = await self.bot.get_updates(
              ^^^^^^^^^^^^^^^^^^^^^^^^^^^
  File "C:\Users\User\AppData\Local\Programs\Python\Python311\Lib\site-packages\telegram\ext\_extbot.py", line 618, in get_updates
    updates = await super().get_updates(
              ^^^^^^^^^^^^^^^^^^^^^^^^^^
  File "C:\Users\User\AppData\Local\Programs\Python\Python311\Lib\site-packages\telegram\_bot.py", line 542, in decorator
    result = await func(self, *args, **kwargs)
             ^^^^^^^^^^^^^^^^^^^^^^^^^^^^^^^^^
  File "C:\Users\User\AppData\Local\Programs\Python\Python311\Lib\site-packages\telegram\_bot.py", line 4164, in get_updates
    await self._post(
  File "C:\Users\User\AppData\Local\Programs\Python\Python311\Lib\site-packages\telegram\_bot.py", line 630, in _post
    return await self._do_post(
           ^^^^^^^^^^^^^^^^^^^^
  File "C:\Users\User\AppData\Local\Programs\Python\Python311\Lib\site-packages\telegram\ext\_extbot.py", line 347, in _do_post
    return await super()._do_post(
           ^^^^^^^^^^^^^^^^^^^^^^^
  File "C:\Users\User\AppData\Local\Programs\Python\Python311\Lib\site-packages\telegram\_bot.py", line 658, in _do_post
    return await request.post(
           ^^^^^^^^^^^^^^^^^^^
  File "C:\Users\User\AppData\Local\Programs\Python\Python311\Lib\site-packages\telegram\request\_baserequest.py", line 200, in post
    result = await self._request_wrapper(
             ^^^^^^^^^^^^^^^^^^^^^^^^^^^^
  File "C:\Users\User\AppData\Local\Programs\Python\Python311\Lib\site-packages\telegram\request\_baserequest.py", line 381, in _request_wrapper
    raise Conflict(message)
telegram.error.Conflict: Conflict: terminated by other getUpdates request; make sure that only one bot instance is running
2026-03-21 23:32:58,700 | INFO     | httpx | HTTP Request: POST https://api.telegram.org/bot8293045317:AAHqHL9iNB6es1RRew5Ygg9E7nYqhSCuSo4/getUpdates "HTTP/1.1 409 Conflict"
2026-03-21 23:32:58,701 | ERROR    | telegram.ext.Updater | Error while getting Updates: Conflict: terminated by other getUpdates request; make sure that only one bot instance is running
2026-03-21 23:32:58,701 | ERROR    | telegram.ext.Application | No error handlers are registered, logging exception.
Traceback (most recent call last):
  File "D:\Work\Загрузки\files\venv\Lib\site-packages\telegram\ext\_updater.py", line 715, in _network_loop_retry
    if not await action_cb():
           ^^^^^^^^^^^^^^^^^
  File "D:\Work\Загрузки\files\venv\Lib\site-packages\telegram\ext\_updater.py", line 384, in polling_action_cb
    raise exc
  File "D:\Work\Загрузки\files\venv\Lib\site-packages\telegram\ext\_updater.py", line 373, in polling_action_cb
    updates = await self.bot.get_updates(
              ^^^^^^^^^^^^^^^^^^^^^^^^^^^
  File "D:\Work\Загрузки\files\venv\Lib\site-packages\telegram\ext\_extbot.py", line 618, in get_updates
    updates = await super().get_updates(
              ^^^^^^^^^^^^^^^^^^^^^^^^^^
  File "D:\Work\Загрузки\files\venv\Lib\site-packages\telegram\_bot.py", line 542, in decorator
    result = await func(self, *args, **kwargs)
             ^^^^^^^^^^^^^^^^^^^^^^^^^^^^^^^^^
  File "D:\Work\Загрузки\files\venv\Lib\site-packages\telegram\_bot.py", line 4164, in get_updates
    await self._post(
  File "D:\Work\Загрузки\files\venv\Lib\site-packages\telegram\_bot.py", line 630, in _post
    return await self._do_post(
           ^^^^^^^^^^^^^^^^^^^^
  File "D:\Work\Загрузки\files\venv\Lib\site-packages\telegram\ext\_extbot.py", line 347, in _do_post
    return await super()._do_post(
           ^^^^^^^^^^^^^^^^^^^^^^^
  File "D:\Work\Загрузки\files\venv\Lib\site-packages\telegram\_bot.py", line 658, in _do_post
    return await request.post(
           ^^^^^^^^^^^^^^^^^^^
  File "D:\Work\Загрузки\files\venv\Lib\site-packages\telegram\request\_baserequest.py", line 200, in post
    result = await self._request_wrapper(
             ^^^^^^^^^^^^^^^^^^^^^^^^^^^^
  File "D:\Work\Загрузки\files\venv\Lib\site-packages\telegram\request\_baserequest.py", line 381, in _request_wrapper
    raise Conflict(message)
telegram.error.Conflict: Conflict: terminated by other getUpdates request; make sure that only one bot instance is running
2026-03-21 23:33:05,700 | INFO     | httpx | HTTP Request: POST https://api.telegram.org/bot8293045317:AAHqHL9iNB6es1RRew5Ygg9E7nYqhSCuSo4/getUpdates "HTTP/1.1 200 OK"
2026-03-21 23:33:15,821 | INFO     | httpx | HTTP Request: POST https://api.telegram.org/bot8293045317:AAHqHL9iNB6es1RRew5Ygg9E7nYqhSCuSo4/getUpdates "HTTP/1.1 200 OK"
2026-03-21 23:33:16,472 | INFO     | httpx | HTTP Request: POST https://api.telegram.org/bot8293045317:AAHqHL9iNB6es1RRew5Ygg9E7nYqhSCuSo4/getUpdates "HTTP/1.1 409 Conflict"
2026-03-21 23:33:16,472 | ERROR    | telegram.ext.Updater | Error while getting Updates: Conflict: terminated by other getUpdates request; make sure that only one bot instance is running
2026-03-21 23:33:16,473 | ERROR    | telegram.ext.Application | No error handlers are registered, logging exception.
Traceback (most recent call last):
  File "C:\Users\User\AppData\Local\Programs\Python\Python311\Lib\site-packages\telegram\ext\_updater.py", line 715, in _network_loop_retry
    if not await action_cb():
           ^^^^^^^^^^^^^^^^^
  File "C:\Users\User\AppData\Local\Programs\Python\Python311\Lib\site-packages\telegram\ext\_updater.py", line 384, in polling_action_cb
    raise exc
  File "C:\Users\User\AppData\Local\Programs\Python\Python311\Lib\site-packages\telegram\ext\_updater.py", line 373, in polling_action_cb
    updates = await self.bot.get_updates(
              ^^^^^^^^^^^^^^^^^^^^^^^^^^^
  File "C:\Users\User\AppData\Local\Programs\Python\Python311\Lib\site-packages\telegram\ext\_extbot.py", line 618, in get_updates
    updates = await super().get_updates(
              ^^^^^^^^^^^^^^^^^^^^^^^^^^
  File "C:\Users\User\AppData\Local\Programs\Python\Python311\Lib\site-packages\telegram\_bot.py", line 542, in decorator
    result = await func(self, *args, **kwargs)
             ^^^^^^^^^^^^^^^^^^^^^^^^^^^^^^^^^
  File "C:\Users\User\AppData\Local\Programs\Python\Python311\Lib\site-packages\telegram\_bot.py", line 4164, in get_updates
    await self._post(
  File "C:\Users\User\AppData\Local\Programs\Python\Python311\Lib\site-packages\telegram\_bot.py", line 630, in _post
    return await self._do_post(
           ^^^^^^^^^^^^^^^^^^^^
  File "C:\Users\User\AppData\Local\Programs\Python\Python311\Lib\site-packages\telegram\ext\_extbot.py", line 347, in _do_post
    return await super()._do_post(
           ^^^^^^^^^^^^^^^^^^^^^^^
  File "C:\Users\User\AppData\Local\Programs\Python\Python311\Lib\site-packages\telegram\_bot.py", line 658, in _do_post
    return await request.post(
           ^^^^^^^^^^^^^^^^^^^
  File "C:\Users\User\AppData\Local\Programs\Python\Python311\Lib\site-packages\telegram\request\_baserequest.py", line 200, in post
    result = await self._request_wrapper(
             ^^^^^^^^^^^^^^^^^^^^^^^^^^^^
  File "C:\Users\User\AppData\Local\Programs\Python\Python311\Lib\site-packages\telegram\request\_baserequest.py", line 381, in _request_wrapper
    raise Conflict(message)
telegram.error.Conflict: Conflict: terminated by other getUpdates request; make sure that only one bot instance is running
2026-03-21 23:33:20,599 | INFO     | httpx | HTTP Request: POST https://api.telegram.org/bot8293045317:AAHqHL9iNB6es1RRew5Ygg9E7nYqhSCuSo4/getUpdates "HTTP/1.1 409 Conflict"
2026-03-21 23:33:20,600 | ERROR    | telegram.ext.Updater | Error while getting Updates: Conflict: terminated by other getUpdates request; make sure that only one bot instance is running
2026-03-21 23:33:20,600 | ERROR    | telegram.ext.Application | No error handlers are registered, logging exception.
Traceback (most recent call last):
  File "D:\Work\Загрузки\files\venv\Lib\site-packages\telegram\ext\_updater.py", line 715, in _network_loop_retry
    if not await action_cb():
           ^^^^^^^^^^^^^^^^^
  File "D:\Work\Загрузки\files\venv\Lib\site-packages\telegram\ext\_updater.py", line 384, in polling_action_cb
    raise exc
  File "D:\Work\Загрузки\files\venv\Lib\site-packages\telegram\ext\_updater.py", line 373, in polling_action_cb
    updates = await self.bot.get_updates(
              ^^^^^^^^^^^^^^^^^^^^^^^^^^^
  File "D:\Work\Загрузки\files\venv\Lib\site-packages\telegram\ext\_extbot.py", line 618, in get_updates
    updates = await super().get_updates(
              ^^^^^^^^^^^^^^^^^^^^^^^^^^
  File "D:\Work\Загрузки\files\venv\Lib\site-packages\telegram\_bot.py", line 542, in decorator
    result = await func(self, *args, **kwargs)
             ^^^^^^^^^^^^^^^^^^^^^^^^^^^^^^^^^
  File "D:\Work\Загрузки\files\venv\Lib\site-packages\telegram\_bot.py", line 4164, in get_updates
    await self._post(
  File "D:\Work\Загрузки\files\venv\Lib\site-packages\telegram\_bot.py", line 630, in _post
    return await self._do_post(
           ^^^^^^^^^^^^^^^^^^^^
  File "D:\Work\Загрузки\files\venv\Lib\site-packages\telegram\ext\_extbot.py", line 347, in _do_post
    return await super()._do_post(
           ^^^^^^^^^^^^^^^^^^^^^^^
  File "D:\Work\Загрузки\files\venv\Lib\site-packages\telegram\_bot.py", line 658, in _do_post
    return await request.post(
           ^^^^^^^^^^^^^^^^^^^
  File "D:\Work\Загрузки\files\venv\Lib\site-packages\telegram\request\_baserequest.py", line 200, in post
    result = await self._request_wrapper(
             ^^^^^^^^^^^^^^^^^^^^^^^^^^^^
  File "D:\Work\Загрузки\files\venv\Lib\site-packages\telegram\request\_baserequest.py", line 381, in _request_wrapper
    raise Conflict(message)
telegram.error.Conflict: Conflict: terminated by other getUpdates request; make sure that only one bot instance is running
2026-03-21 23:33:27,600 | INFO     | httpx | HTTP Request: POST https://api.telegram.org/bot8293045317:AAHqHL9iNB6es1RRew5Ygg9E7nYqhSCuSo4/getUpdates "HTTP/1.1 200 OK"
2026-03-21 23:33:37,731 | INFO     | httpx | HTTP Request: POST https://api.telegram.org/bot8293045317:AAHqHL9iNB6es1RRew5Ygg9E7nYqhSCuSo4/getUpdates "HTTP/1.1 200 OK"
2026-03-21 23:33:46,776 | INFO     | httpx | HTTP Request: POST https://api.telegram.org/bot8293045317:AAHqHL9iNB6es1RRew5Ygg9E7nYqhSCuSo4/getUpdates "HTTP/1.1 409 Conflict"
2026-03-21 23:33:46,776 | ERROR    | telegram.ext.Updater | Error while getting Updates: Conflict: terminated by other getUpdates request; make sure that only one bot instance is running
2026-03-21 23:33:46,777 | ERROR    | telegram.ext.Application | No error handlers are registered, logging exception.
Traceback (most recent call last):
  File "C:\Users\User\AppData\Local\Programs\Python\Python311\Lib\site-packages\telegram\ext\_updater.py", line 715, in _network_loop_retry
    if not await action_cb():
           ^^^^^^^^^^^^^^^^^
  File "C:\Users\User\AppData\Local\Programs\Python\Python311\Lib\site-packages\telegram\ext\_updater.py", line 384, in polling_action_cb
    raise exc
  File "C:\Users\User\AppData\Local\Programs\Python\Python311\Lib\site-packages\telegram\ext\_updater.py", line 373, in polling_action_cb
    updates = await self.bot.get_updates(
              ^^^^^^^^^^^^^^^^^^^^^^^^^^^
  File "C:\Users\User\AppData\Local\Programs\Python\Python311\Lib\site-packages\telegram\ext\_extbot.py", line 618, in get_updates
    updates = await super().get_updates(
              ^^^^^^^^^^^^^^^^^^^^^^^^^^
  File "C:\Users\User\AppData\Local\Programs\Python\Python311\Lib\site-packages\telegram\_bot.py", line 542, in decorator
    result = await func(self, *args, **kwargs)
             ^^^^^^^^^^^^^^^^^^^^^^^^^^^^^^^^^
  File "C:\Users\User\AppData\Local\Programs\Python\Python311\Lib\site-packages\telegram\_bot.py", line 4164, in get_updates
    await self._post(
  File "C:\Users\User\AppData\Local\Programs\Python\Python311\Lib\site-packages\telegram\_bot.py", line 630, in _post
    return await self._do_post(
           ^^^^^^^^^^^^^^^^^^^^
  File "C:\Users\User\AppData\Local\Programs\Python\Python311\Lib\site-packages\telegram\ext\_extbot.py", line 347, in _do_post
    return await super()._do_post(
           ^^^^^^^^^^^^^^^^^^^^^^^
  File "C:\Users\User\AppData\Local\Programs\Python\Python311\Lib\site-packages\telegram\_bot.py", line 658, in _do_post
    return await request.post(
           ^^^^^^^^^^^^^^^^^^^
  File "C:\Users\User\AppData\Local\Programs\Python\Python311\Lib\site-packages\telegram\request\_baserequest.py", line 200, in post
    result = await self._request_wrapper(
             ^^^^^^^^^^^^^^^^^^^^^^^^^^^^
  File "C:\Users\User\AppData\Local\Programs\Python\Python311\Lib\site-packages\telegram\request\_baserequest.py", line 381, in _request_wrapper
    raise Conflict(message)
telegram.error.Conflict: Conflict: terminated by other getUpdates request; make sure that only one bot instance is running
2026-03-21 23:33:50,897 | INFO     | httpx | HTTP Request: POST https://api.telegram.org/bot8293045317:AAHqHL9iNB6es1RRew5Ygg9E7nYqhSCuSo4/getUpdates "HTTP/1.1 409 Conflict"
2026-03-21 23:33:50,899 | ERROR    | telegram.ext.Updater | Error while getting Updates: Conflict: terminated by other getUpdates request; make sure that only one bot instance is running
2026-03-21 23:33:50,899 | ERROR    | telegram.ext.Application | No error handlers are registered, logging exception.
Traceback (most recent call last):
  File "D:\Work\Загрузки\files\venv\Lib\site-packages\telegram\ext\_updater.py", line 715, in _network_loop_retry
    if not await action_cb():
           ^^^^^^^^^^^^^^^^^
  File "D:\Work\Загрузки\files\venv\Lib\site-packages\telegram\ext\_updater.py", line 384, in polling_action_cb
    raise exc
  File "D:\Work\Загрузки\files\venv\Lib\site-packages\telegram\ext\_updater.py", line 373, in polling_action_cb
    updates = await self.bot.get_updates(
              ^^^^^^^^^^^^^^^^^^^^^^^^^^^
  File "D:\Work\Загрузки\files\venv\Lib\site-packages\telegram\ext\_extbot.py", line 618, in get_updates
    updates = await super().get_updates(
              ^^^^^^^^^^^^^^^^^^^^^^^^^^
  File "D:\Work\Загрузки\files\venv\Lib\site-packages\telegram\_bot.py", line 542, in decorator
    result = await func(self, *args, **kwargs)
             ^^^^^^^^^^^^^^^^^^^^^^^^^^^^^^^^^
  File "D:\Work\Загрузки\files\venv\Lib\site-packages\telegram\_bot.py", line 4164, in get_updates
    await self._post(
  File "D:\Work\Загрузки\files\venv\Lib\site-packages\telegram\_bot.py", line 630, in _post
    return await self._do_post(
           ^^^^^^^^^^^^^^^^^^^^
  File "D:\Work\Загрузки\files\venv\Lib\site-packages\telegram\ext\_extbot.py", line 347, in _do_post
    return await super()._do_post(
           ^^^^^^^^^^^^^^^^^^^^^^^
  File "D:\Work\Загрузки\files\venv\Lib\site-packages\telegram\_bot.py", line 658, in _do_post
    return await request.post(
           ^^^^^^^^^^^^^^^^^^^
  File "D:\Work\Загрузки\files\venv\Lib\site-packages\telegram\request\_baserequest.py", line 200, in post
    result = await self._request_wrapper(
             ^^^^^^^^^^^^^^^^^^^^^^^^^^^^
  File "D:\Work\Загрузки\files\venv\Lib\site-packages\telegram\request\_baserequest.py", line 381, in _request_wrapper
    raise Conflict(message)
telegram.error.Conflict: Conflict: terminated by other getUpdates request; make sure that only one bot instance is running
2026-03-21 23:33:57,877 | INFO     | httpx | HTTP Request: POST https://api.telegram.org/bot8293045317:AAHqHL9iNB6es1RRew5Ygg9E7nYqhSCuSo4/getUpdates "HTTP/1.1 200 OK"
2026-03-21 23:34:07,996 | INFO     | httpx | HTTP Request: POST https://api.telegram.org/bot8293045317:AAHqHL9iNB6es1RRew5Ygg9E7nYqhSCuSo4/getUpdates "HTTP/1.1 200 OK"
2026-03-21 23:34:18,134 | INFO     | httpx | HTTP Request: POST https://api.telegram.org/bot8293045317:AAHqHL9iNB6es1RRew5Ygg9E7nYqhSCuSo4/getUpdates "HTTP/1.1 200 OK"
2026-03-21 23:34:21,387 | INFO     | httpx | HTTP Request: POST https://api.telegram.org/bot8293045317:AAHqHL9iNB6es1RRew5Ygg9E7nYqhSCuSo4/getUpdates "HTTP/1.1 409 Conflict"
2026-03-21 23:34:21,387 | ERROR    | telegram.ext.Updater | Error while getting Updates: Conflict: terminated by other getUpdates request; make sure that only one bot instance is running
2026-03-21 23:34:21,387 | ERROR    | telegram.ext.Application | No error handlers are registered, logging exception.
Traceback (most recent call last):
  File "C:\Users\User\AppData\Local\Programs\Python\Python311\Lib\site-packages\telegram\ext\_updater.py", line 715, in _network_loop_retry
    if not await action_cb():
           ^^^^^^^^^^^^^^^^^
  File "C:\Users\User\AppData\Local\Programs\Python\Python311\Lib\site-packages\telegram\ext\_updater.py", line 384, in polling_action_cb
    raise exc
  File "C:\Users\User\AppData\Local\Programs\Python\Python311\Lib\site-packages\telegram\ext\_updater.py", line 373, in polling_action_cb
    updates = await self.bot.get_updates(
              ^^^^^^^^^^^^^^^^^^^^^^^^^^^
  File "C:\Users\User\AppData\Local\Programs\Python\Python311\Lib\site-packages\telegram\ext\_extbot.py", line 618, in get_updates
    updates = await super().get_updates(
              ^^^^^^^^^^^^^^^^^^^^^^^^^^
  File "C:\Users\User\AppData\Local\Programs\Python\Python311\Lib\site-packages\telegram\_bot.py", line 542, in decorator
    result = await func(self, *args, **kwargs)
             ^^^^^^^^^^^^^^^^^^^^^^^^^^^^^^^^^
  File "C:\Users\User\AppData\Local\Programs\Python\Python311\Lib\site-packages\telegram\_bot.py", line 4164, in get_updates
    await self._post(
  File "C:\Users\User\AppData\Local\Programs\Python\Python311\Lib\site-packages\telegram\_bot.py", line 630, in _post
    return await self._do_post(
           ^^^^^^^^^^^^^^^^^^^^
  File "C:\Users\User\AppData\Local\Programs\Python\Python311\Lib\site-packages\telegram\ext\_extbot.py", line 347, in _do_post
    return await super()._do_post(
           ^^^^^^^^^^^^^^^^^^^^^^^
  File "C:\Users\User\AppData\Local\Programs\Python\Python311\Lib\site-packages\telegram\_bot.py", line 658, in _do_post
    return await request.post(
           ^^^^^^^^^^^^^^^^^^^
  File "C:\Users\User\AppData\Local\Programs\Python\Python311\Lib\site-packages\telegram\request\_baserequest.py", line 200, in post
    result = await self._request_wrapper(
             ^^^^^^^^^^^^^^^^^^^^^^^^^^^^
  File "C:\Users\User\AppData\Local\Programs\Python\Python311\Lib\site-packages\telegram\request\_baserequest.py", line 381, in _request_wrapper
    raise Conflict(message)
telegram.error.Conflict: Conflict: terminated by other getUpdates request; make sure that only one bot instance is running
2026-03-21 23:34:25,526 | INFO     | httpx | HTTP Request: POST https://api.telegram.org/bot8293045317:AAHqHL9iNB6es1RRew5Ygg9E7nYqhSCuSo4/getUpdates "HTTP/1.1 409 Conflict"
2026-03-21 23:34:25,527 | ERROR    | telegram.ext.Updater | Error while getting Updates: Conflict: terminated by other getUpdates request; make sure that only one bot instance is running
2026-03-21 23:34:25,530 | ERROR    | telegram.ext.Application | No error handlers are registered, logging exception.
Traceback (most recent call last):
  File "D:\Work\Загрузки\files\venv\Lib\site-packages\telegram\ext\_updater.py", line 715, in _network_loop_retry
    if not await action_cb():
           ^^^^^^^^^^^^^^^^^
  File "D:\Work\Загрузки\files\venv\Lib\site-packages\telegram\ext\_updater.py", line 384, in polling_action_cb
    raise exc
  File "D:\Work\Загрузки\files\venv\Lib\site-packages\telegram\ext\_updater.py", line 373, in polling_action_cb
    updates = await self.bot.get_updates(
              ^^^^^^^^^^^^^^^^^^^^^^^^^^^
  File "D:\Work\Загрузки\files\venv\Lib\site-packages\telegram\ext\_extbot.py", line 618, in get_updates
    updates = await super().get_updates(
              ^^^^^^^^^^^^^^^^^^^^^^^^^^
  File "D:\Work\Загрузки\files\venv\Lib\site-packages\telegram\_bot.py", line 542, in decorator
    result = await func(self, *args, **kwargs)
             ^^^^^^^^^^^^^^^^^^^^^^^^^^^^^^^^^
  File "D:\Work\Загрузки\files\venv\Lib\site-packages\telegram\_bot.py", line 4164, in get_updates
    await self._post(
  File "D:\Work\Загрузки\files\venv\Lib\site-packages\telegram\_bot.py", line 630, in _post
    return await self._do_post(
           ^^^^^^^^^^^^^^^^^^^^
  File "D:\Work\Загрузки\files\venv\Lib\site-packages\telegram\ext\_extbot.py", line 347, in _do_post
    return await super()._do_post(
           ^^^^^^^^^^^^^^^^^^^^^^^
  File "D:\Work\Загрузки\files\venv\Lib\site-packages\telegram\_bot.py", line 658, in _do_post
    return await request.post(
           ^^^^^^^^^^^^^^^^^^^
  File "D:\Work\Загрузки\files\venv\Lib\site-packages\telegram\request\_baserequest.py", line 200, in post
    result = await self._request_wrapper(
             ^^^^^^^^^^^^^^^^^^^^^^^^^^^^
  File "D:\Work\Загрузки\files\venv\Lib\site-packages\telegram\request\_baserequest.py", line 381, in _request_wrapper
    raise Conflict(message)
telegram.error.Conflict: Conflict: terminated by other getUpdates request; make sure that only one bot instance is running
2026-03-21 23:34:32,519 | INFO     | httpx | HTTP Request: POST https://api.telegram.org/bot8293045317:AAHqHL9iNB6es1RRew5Ygg9E7nYqhSCuSo4/getUpdates "HTTP/1.1 200 OK"
2026-03-21 23:34:42,644 | INFO     | httpx | HTTP Request: POST https://api.telegram.org/bot8293045317:AAHqHL9iNB6es1RRew5Ygg9E7nYqhSCuSo4/getUpdates "HTTP/1.1 200 OK"
2026-03-21 23:34:42,652 | INFO     | httpx | HTTP Request: POST https://api.telegram.org/bot8293045317:AAHqHL9iNB6es1RRew5Ygg9E7nYqhSCuSo4/getUpdates "HTTP/1.1 200 OK"
2026-03-21 23:34:42,653 | INFO     | telegram.ext.Application | Application is stopping. This might take a moment.
2026-03-21 23:34:42,654 | INFO     | telegram.ext.Application | Application.stop() complete
2026-03-21 23:34:52,764 | INFO     | httpx | HTTP Request: POST https://api.telegram.org/bot8293045317:AAHqHL9iNB6es1RRew5Ygg9E7nYqhSCuSo4/getUpdates "HTTP/1.1 200 OK"
2026-03-21 23:35:03,258 | INFO     | httpx | HTTP Request: POST https://api.telegram.org/bot8293045317:AAHqHL9iNB6es1RRew5Ygg9E7nYqhSCuSo4/getUpdates "HTTP/1.1 200 OK"
2026-09-25 20:14:37,167 | INFO     | audio_bot | Миграция БД: добавлена колонка first_name
2026-09-25 20:14:37,167 | INFO     | audio_bot | Миграция БД: добавлена колонка total_conversions
2026-09-25 20:14:37,168 | INFO     | audio_bot | Миграция БД: добавлена колонка total_voice
2026-09-25 20:14:37,168 | INFO     | audio_bot | Миграция БД: добавлена колонка total_video
2026-09-25 20:14:37,169 | INFO     | audio_bot | Миграция БД: добавлена колонка total_audio
2026-09-25 20:14:50,271 | INFO     | audio_bot | Миграция БД: добавлена колонка last_active
2026-09-25 20:14:50,293 | INFO     | audio_bot | База данных инициализирована успешно.
2026-09-25 20:15:02,000 | INFO     | audio_bot | Загрузка Faster-Whisper из локального кэша: /home/brof/.cache/huggingface/hub/models--Systran--faster-whisper-base/snapshots/ebe41f70d5b6dfa9166e2c581c45c9c0cfc57b66
2026-09-25 20:15:03,385 | INFO     | faster_whisper | Processing audio with duration 00:01.000
2026-09-25 20:15:04,358 | INFO     | faster_whisper | Detected language 'en' with probability 0.43
2026-09-25 20:15:06,055 | INFO     | audio_bot | Google Speech не распознал речь (тишина или ошибка): 
2026-09-25 20:16:16,648 | INFO     | audio_bot | Загрузка Faster-Whisper из локального кэша: /home/brof/.cache/huggingface/hub/models--Systran--faster-whisper-base/snapshots/ebe41f70d5b6dfa9166e2c581c45c9c0cfc57b66
2026-09-25 20:16:17,638 | INFO     | faster_whisper | Processing audio with duration 00:01.097
2026-09-25 20:16:18,460 | INFO     | faster_whisper | Detected language 'ru' with probability 0.75
2026-09-25 20:16:19,547 | INFO     | faster_whisper | Processing audio with duration 00:01.097
2026-09-25 20:16:20,335 | INFO     | faster_whisper | Detected language 'ru' with probability 0.75
2026-09-25 20:19:04,927 | INFO     | audio_bot | База данных инициализирована успешно.
2026-09-25 20:19:23,422 | INFO     | audio_bot | База данных инициализирована успешно.
